final_rank,rank,player_display_name,position,season,expected_season_points,age_years,wnt_bucket,retention_multiplier,exit_rate,age_cliff_factor,dynasty_utility,dynasty_utility_vbd,match_key,consensus_player_name,consensus_position,consensus_team,consensus_age,sleeper_id,consensus_value,consensus_overall_rank,consensus_position_rank,consensus_trend_30day,consensus_position_percentile,_merge,model_rank,consensus_rank_for_corr,model_rank_matched,consensus_rank_matched,rank_divergence,rank_divergence_pct,model_utility_percentile,consensus_percentile_matched,seasons_seen,alpha,blended_percentile_within,final_dynasty_value
1,5.0,Bijan Robinson,RB,2025.0,370.3559518199917,23.923340177960302,Med,0.751394357731904,0.159,1.0,234.0363163145253,123.42396890731496,bijan robinson|RB,Bijan Robinson,RB,ATL,24.6,9509,11223.0,1.0,1.0,220.0,100.0,both,5.0,1.0,5.0,1.0,-4.0,1.7,100.0,100.0,3.0,0.75,100.0,11223.0
2,1.0,Puka Nacua,WR,2025.0,380.297661328534,24.654346338124572,Med,0.8383157894736843,0.172,1.0,263.9742943106662,144.2985317223394,puka nacua|WR,Puka Nacua,WR,LAR,25.2,9493,8196.0,5.0,3.0,-251.0,98.71794871794873,both,1.0,5.0,1.0,5.0,4.0,1.7,100.0,97.91666666666666,3.0,0.75,99.47916666666666,9308.255208333308
3,11.0,Jahmyr Gibbs,RB,2025.0,354.7272227704425,23.789185489390828,Med,0.751394357731904,0.159,1.0,224.16016836156328,113.54782095435294,jahmyr gibbs|RB,Jahmyr Gibbs,RB,DET,24.4,9221,10956.0,2.0,2.0,198.0,99.03846153846155,both,11.0,2.0,11.0,2.0,-9.0,3.9,96.55172413793103,98.27586206896551,3.0,0.75,96.98275862068965,8675.586206896529
4,3.0,Jaxon Smith-Njigba,WR,2025.0,351.79684530610564,23.958932238193018,Med,0.8383157894736843,0.172,1.0,244.19115188871157,124.51538930038475,jaxon smithnjigba|WR,Jaxon Smith-Njigba,WR,SEA,24.5,9488,8653.0,4.0,2.0,34.0,99.35897435897436,both,3.0,4.0,3.0,4.0,1.0,0.4,97.91666666666666,98.95833333333334,3.0,0.75,98.17708333333334,8318.580729166675
5,10.0,Jonathan Taylor,RB,2025.0,356.1838998670838,26.954140999315538,Med,0.751394357731904,0.159,1.0,225.08067561973576,114.46832821252542,jonathan taylor|RB,Jonathan Taylor,RB,IND,27.6,6813,5748.0,16.0,7.0,221.0,94.23076923076923,both,10.0,16.0,10.0,15.0,5.0,2.2,98.27586206896551,91.37931034482759,6.0,0.75,96.55172413793102,7897.241379310302
6,2.0,Malik Nabers,WR,2025.0,231.7934444444447,22.0,Rookie,1.1439730801586347,0.051,1.0,251.64202211100454,131.96625952267772,malik nabers|WR,Malik Nabers,WR,NYG,23.1,11632,6442.0,11.0,6.0,-149.0,96.7948717948718,both,2.0,11.0,2.0,10.0,8.0,3.5,98.95833333333334,94.79166666666666,2.0,0.6,97.29166666666666,7603.03124999998
7,13.0,Amon-Ra St. Brown,WR,2025.0,318.32301560257434,26.193018480492814,Med,0.8383157894736843,0.172,1.0,220.95611398972332,101.2803514013965,amonra st brown|WR,Amon-Ra St. Brown,WR,DET,26.8,7547,7161.0,8.0,4.0,6.0,98.07692307692307,both,13.0,8.0,13.0,7.0,-6.0,2.6,95.83333333333334,96.875,5.0,0.75,96.09375,6920.703125
8,16.0,Ja'Marr Chase,WR,2025.0,312.2978203816168,25.83983572895277,Med,0.8383157894736843,0.172,1.0,216.7738725029363,97.0981099146095,jamarr chase|WR,Ja'Marr Chase,WR,CIN,26.5,7564,9950.0,3.0,1.0,153.0,100.0,both,16.0,3.0,16.0,3.0,-13.0,5.6,94.79166666666666,100.0,5.0,0.75,96.09375,6920.703125
9,23.0,Trey McBride,TE,2025.0,290.9356951336671,26.11362080766598,Med,0.7842767295597485,0.145,1.0,195.0888516453389,86.7413099898777,trey mcbride|TE,Trey McBride,TE,ARI,26.8,8130,5869.0,15.0,2.0,-29.0,98.55072463768117,both,23.0,15.0,23.0,14.0,-9.0,3.9,100.0,97.2972972972973,4.0,0.75,99.32432432432432,6618.18918918919
10,17.0,De'Von Achane,RB,2025.0,335.8456084498471,24.202600958247775,Med,0.751394357731904,0.159,1.0,212.22844851219105,101.61610110498071,devon achane|RB,De'Von Achane,RB,MIA,24.9,9226,6233.0,14.0,6.0,151.0,95.1923076923077,both,17.0,14.0,17.0,13.0,-4.0,1.7,94.82758620689656,93.10344827586206,3.0,0.75,94.39655172413794,6320.857758620689
11,48.0,Brock Bowers,TE,2025.0,247.94123680033462,23.017111567419576,Med,0.7842767295597485,0.145,1.0,166.2586336842546,57.91109202879339,brock bowers|TE,Brock Bowers,TE,LV,23.7,11604,6859.0,9.0,1.0,-114.0,100.0,both,48.0,9.0,48.0,8.0,-40.0,17.3,97.2972972972973,100.0,2.0,0.6,98.37837837837839,6281.054054054058
12,32.0,James Cook,RB,2025.0,292.7220646515325,26.310746064339494,Med,0.751394357731904,0.159,1.0,184.9777042285107,74.36535682130037,james cook|RB,James Cook,RB,BUF,26.9,8138,5416.0,18.0,8.0,-16.0,93.26923076923077,both,32.0,18.0,32.0,17.0,-15.0,6.5,91.37931034482759,89.65517241379311,4.0,0.75,90.94827586206898,5695.051724137936
13,24.0,George Pickens,WR,2025.0,278.0643173,24.83230663928816,Med,0.8383157894736843,0.172,1.0,193.0115259605392,73.33576337221237,george pickens|WR,George Pickens,WR,DAL,25.5,8137,4814.0,21.0,10.0,273.0,94.23076923076923,both,24.0,21.0,24.0,20.0,-4.0,1.7,92.70833333333334,90.625,4.0,0.75,92.1875,5337.90625
14,4.0,Drake Maye,QB,2025.0,341.10946445319615,23.419575633127995,Med,0.8236205057440866,0.147,1.0,239.64587143186165,47.07442016418108,drake maye|QB,Drake Maye,QB,NE,24.0,11564,4532.0,25.0,2.0,-55.0,98.57142857142858,both,4.0,25.0,4.0,24.0,20.0,8.7,100.0,97.5,2.0,0.6,99.0,5055.99
15,35.0,Chase Brown,RB,2025.0,282.5023535835562,25.78507871321013,Med,0.751394357731904,0.159,1.0,178.51963727860934,67.907289871399,chase brown|RB,Chase Brown,RB,CIN,26.4,9224,4523.0,26.0,11.0,244.0,90.38461538461539,both,35.0,26.0,35.0,25.0,-10.0,4.3,89.65517241379311,84.48275862068965,3.0,0.75,88.36206896551724,4987.038793103447
16,27.0,Drake London,WR,2025.0,276.5740936261584,24.4435318275154,Med,0.8383157894736843,0.172,1.0,191.97712374703846,72.30136115871164,drake london|WR,Drake London,WR,ATL,25.1,8112,5710.0,17.0,8.0,-91.0,95.51282051282051,both,27.0,17.0,27.0,16.0,-11.0,4.8,90.625,92.70833333333334,4.0,0.75,91.14583333333334,4822.239583333334
17,26.0,Chris Olave,WR,2025.0,277.3435951130497,25.49760438056126,Med,0.8383157894736843,0.172,1.0,192.51125433112756,72.83549174280074,chris olave|WR,Chris Olave,WR,NO,26.2,8144,4084.0,32.0,14.0,240.0,91.66666666666666,both,26.0,32.0,26.0,30.0,4.0,1.7,91.66666666666666,87.5,4.0,0.75,90.625,4815.3125
18,21.0,Rashee Rice,WR,2025.0,293.4227795808958,25.639972621492127,Med,0.8383157894736843,0.172,1.0,203.67222586632704,83.99646327800022,rashee rice|WR,Rashee Rice,WR,KC,26.3,10229,3382.0,51.0,23.0,-73.0,85.8974358974359,both,21.0,51.0,21.0,47.0,26.0,11.3,93.75,79.16666666666666,3.0,0.75,90.10416666666666,4680.052083333327
19,59.0,Tucker Kraft,TE,2025.0,231.30371916249024,24.99110198494182,Med,0.7842767295597485,0.145,1.0,155.10223636179853,46.75469470633733,tucker kraft|TE,Tucker Kraft,TE,GB,25.8,9484,3011.0,61.0,5.0,-39.0,94.20289855072464,both,59.0,61.0,59.0,56.0,-3.0,1.3,94.5945945945946,89.1891891891892,3.0,0.75,93.24324324324326,4601.7567567567585
20,36.0,CeeDee Lamb,WR,2025.0,256.00142254487815,26.7378507871321,Med,0.8383157894736843,0.172,1.0,177.69710868779532,58.0213460994685,ceedee lamb|WR,CeeDee Lamb,WR,DAL,27.4,6786,6419.0,12.0,7.0,179.0,96.15384615384616,both,36.0,12.0,36.0,11.0,-25.0,10.8,88.54166666666666,93.75,6.0,0.75,89.84375,4597.421875
21,67.0,Ashton Jeanty,RB,2025.0,236.6802474406049,22.086242299794662,Med,0.751394357731904,0.159,1.0,149.56361031382107,38.95126290661074,ashton jeanty|RB,Ashton Jeanty,RB,LV,22.7,12527,7788.0,6.0,3.0,98.0,98.07692307692307,both,67.0,6.0,67.0,6.0,-61.0,26.4,70.6896551724138,96.55172413793103,1.0,0.45,84.91379310344828,4565.491379310345
22,41.0,Kyren Williams,RB,2025.0,273.69533017541033,25.409993155373034,Med,0.751394357731904,0.159,1.0,172.9542796651854,62.34193225797506,kyren williams|RB,Kyren Williams,RB,LAR,26.0,8150,3617.0,45.0,15.0,46.0,86.53846153846155,both,41.0,45.0,41.0,42.0,1.0,0.4,86.20689655172413,77.58620689655173,4.0,0.75,84.05172413793103,4492.224137931033
23,29.0,Cam Skattebo,RB,2025.0,257.4624841009167,23.71526351813826,Low,0.882062534284147,0.159,1.0,190.9894274268922,80.37708001968187,cam skattebo|RB,Cam Skattebo,RB,NYG,24.5,12481,3586.0,46.0,16.0,77.0,85.57692307692307,both,29.0,46.0,29.0,43.0,14.0,6.1,93.10344827586206,75.86206896551724,1.0,0.45,83.62068965517241,4408.689655172412
24,33.0,Zay Flowers,WR,2025.0,265.60866713364703,25.308692676249144,Med,0.8383157894736843,0.172,1.0,184.3657418887746,64.68997930044779,zay flowers|WR,Zay Flowers,WR,BAL,25.9,9997,3817.0,37.0,16.0,282.0,90.38461538461539,both,33.0,37.0,33.0,35.0,2.0,0.9,89.58333333333334,85.41666666666666,3.0,0.75,88.54166666666666,4146.19791666666
25,44.0,Nico Collins,WR,2025.0,242.98845891177626,26.811772758384667,Med,0.8383157894736843,0.172,1.0,168.66447914193307,48.98871655360625,nico collins|WR,Nico Collins,WR,HOU,27.4,7569,4103.0,31.0,13.0,-100.0,92.3076923076923,both,44.0,31.0,44.0,29.0,-15.0,6.5,86.45833333333334,88.54166666666666,5.0,0.75,86.97916666666666,4027.4218749999973
26,74.0,Omarion Hampton,RB,2025.0,227.6460637204262,22.819986310746064,Med,0.751394357731904,0.159,1.0,143.8547049529402,33.242357545729874,omarion hampton|RB,Omarion Hampton,RB,LAC,23.4,12507,6342.0,13.0,5.0,-5.0,96.15384615384616,both,74.0,13.0,74.0,12.0,-62.0,26.8,63.793103448275865,94.82758620689656,1.0,0.45,80.86206896551725,4012.179310344829
27,50.0,Javonte Williams,RB,2025.0,262.2888165601782,25.67008898015058,Med,0.751394357731904,0.159,1.0,165.74624529883636,55.13389789162602,javonte williams|RB,Javonte Williams,RB,DAL,26.3,7588,3242.0,53.0,20.0,17.0,81.73076923076923,both,50.0,53.0,50.0,49.0,-1.0,0.4,82.75862068965517,70.6896551724138,5.0,0.75,79.74137931034483,3974.7456896551726
28,42.0,A.J. Brown,WR,2025.0,248.93385300457425,28.528405201916495,Med,0.8383157894736843,0.172,1.0,172.79132863283576,53.11556604450894,aj brown|WR,A.J. Brown,WR,NE,29.1,5859,3690.0,42.0,19.0,-185.0,88.46153846153845,both,42.0,42.0,42.0,39.0,-3.0,1.3,87.5,83.33333333333334,7.0,0.75,86.45833333333334,3951.7187500000027
29,58.0,Justin Jefferson,WR,2025.0,223.66455578556474,26.548939082819988,Med,0.8383157894736843,0.172,1.0,155.2512657310237,35.575503142696874,justin jefferson|WR,Justin Jefferson,WR,MIN,27.2,6794,6823.0,10.0,5.0,-275.0,97.43589743589743,both,58.0,10.0,58.0,9.0,-49.0,21.2,82.29166666666666,95.83333333333334,6.0,0.75,85.67708333333333,3861.828124999999
30,9.0,Josh Allen,QB,2025.0,381.50393548455077,29.65639972621492,High,0.7911889792899409,0.25,1.0,226.38128198333789,33.80983071565731,josh allen|QB,Josh Allen,QB,BUF,30.3,4984,5391.0,19.0,1.0,29.0,100.0,both,9.0,19.0,9.0,18.0,9.0,3.9,92.5,100.0,8.0,0.75,94.375,3831.30625
31,68.0,Tetairoa McMillan,WR,2025.0,214.99543383699688,22.765229295003422,Med,0.8383157894736843,0.172,1.0,149.23380735204785,29.55804476372103,tetairoa mcmillan|WR,Tetairoa McMillan,WR,CAR,23.4,12526,4828.0,20.0,9.0,-160.0,94.87179487179486,both,68.0,20.0,68.0,19.0,-49.0,21.2,77.08333333333334,91.66666666666666,1.0,0.45,85.10416666666667,3815.640625
32,51.0,Garrett Wilson,WR,2025.0,238.28660041717566,25.295003422313485,Med,0.8383157894736843,0.172,1.0,165.4007993871723,45.72503679884548,garrett wilson|WR,Garrett Wilson,WR,NYJ,26.1,8146,3931.0,35.0,15.0,-132.0,91.02564102564102,both,51.0,35.0,51.0,33.0,-18.0,7.8,84.375,86.45833333333334,4.0,0.75,84.89583333333334,3813.859375
33,12.0,Caleb Williams,QB,2025.0,318.9415021059135,24.161533196440793,Med,0.8236205057440866,0.147,1.0,224.0718073609652,31.500356093284637,caleb williams|QB,Caleb Williams,QB,CHI,24.8,11560,3766.0,40.0,4.0,-77.0,95.71428571428572,both,12.0,40.0,12.0,37.0,25.0,10.8,90.0,92.5,2.0,0.6,91.0,3743.56
34,7.0,Trevor Lawrence,QB,2025.0,323.0658504260316,26.261464750171115,Med,0.8236205057440866,0.147,1.0,226.96936122640142,34.397909958720845,trevor lawrence|QB,Trevor Lawrence,QB,JAX,26.9,7523,2635.0,71.0,10.0,-25.0,87.14285714285714,both,7.0,71.0,7.0,66.0,59.0,25.5,95.0,77.5,5.0,0.75,90.625,3737.125
35,61.0,Saquon Barkley,RB,2025.0,243.97353750415212,28.914442162902123,Med,0.751394357731904,0.159,1.0,154.1724055333874,43.56005812617707,saquon barkley|RB,Saquon Barkley,RB,PHI,29.5,4866,4183.0,30.0,12.0,115.0,89.42307692307693,both,61.0,30.0,61.0,28.0,-33.0,14.3,75.86206896551724,82.75862068965517,8.0,0.75,77.58620689655172,3693.431034482757
36,6.0,Bo Nix,QB,2025.0,324.27948473696733,25.89185489390828,Med,0.8236205057440866,0.147,1.0,227.8219979379334,35.25054667025282,bo nix|QB,Bo Nix,QB,DEN,26.5,11563,2461.0,76.0,12.0,-127.0,84.28571428571429,both,6.0,76.0,6.0,70.0,64.0,27.7,97.5,72.5,2.0,0.6,87.5,3691.375
37,54.0,Travis Etienne,RB,2025.0,253.78996364792806,26.954140999315538,Med,0.751394357731904,0.159,1.0,160.3756276033261,49.76328019611577,travis etienne|RB,Travis Etienne,RB,NO,27.6,7543,2811.0,65.0,23.0,-361.0,78.84615384615384,both,54.0,65.0,54.0,60.0,6.0,2.6,79.3103448275862,65.51724137931035,4.0,0.75,75.86206896551724,3593.4827586206898
38,56.0,Josh Jacobs,RB,2025.0,249.69183350092774,27.90965092402464,Med,0.751394357731904,0.159,1.0,157.78592632090246,47.173578913692126,josh jacobs|RB,Josh Jacobs,RB,GB,28.5,5850,2953.0,62.0,22.0,11.0,79.8076923076923,both,56.0,62.0,56.0,57.0,1.0,0.4,77.58620689655173,67.24137931034483,7.0,0.75,75.0,3575.75
39,57.0,Christian Watson,WR,2025.0,224.52901971785448,26.663928815879533,Med,0.8383157894736843,0.172,1.0,155.85131216750722,36.1755495791804,christian watson|WR,Christian Watson,WR,GB,27.3,8167,2334.0,79.0,32.0,94.0,80.12820512820514,both,57.0,79.0,57.0,72.0,15.0,6.5,83.33333333333334,71.875,4.0,0.75,80.46875,3503.5078125
40,62.0,DeVonta Smith,WR,2025.0,221.4411853244456,27.15400410677618,Med,0.8383157894736843,0.172,1.0,153.7079676565239,34.03220506819707,devonta smith|WR,DeVonta Smith,WR,PHI,27.8,7525,3544.0,48.0,21.0,254.0,87.17948717948718,both,62.0,48.0,62.0,45.0,-17.0,7.4,80.20833333333334,81.25,5.0,0.75,80.46875,3503.5078125
41,60.0,Tee Higgins,WR,2025.0,222.8069227044878,26.95687885010267,Med,0.8383157894736843,0.172,1.0,154.6559607623739,34.980198174047075,tee higgins|WR,Tee Higgins,WR,CIN,27.6,6801,3218.0,55.0,25.0,-10.0,84.61538461538461,both,60.0,55.0,60.0,51.0,-9.0,3.9,81.25,77.08333333333334,6.0,0.75,80.20833333333334,3485.447916666668
42,92.0,Emeka Egbuka,WR,2025.0,195.05457722323956,23.21971252566735,Med,0.8383157894736843,0.172,1.0,135.3923508093546,15.716588221027791,emeka egbuka|WR,Emeka Egbuka,WR,TB,23.9,12514,4480.0,27.0,11.0,-18.0,93.58974358974359,both,92.0,27.0,92.0,26.0,-66.0,28.6,68.75,89.58333333333334,1.0,0.45,80.20833333333334,3485.447916666668
43,63.0,Bucky Irving,RB,2025.0,242.74363036836255,23.37303216974675,Med,0.751394357731904,0.159,1.0,153.39519935091718,42.782851943706845,bucky irving|RB,Bucky Irving,RB,TB,24.0,11584,3217.0,56.0,21.0,-177.0,80.76923076923077,both,63.0,56.0,63.0,52.0,-11.0,4.8,74.13793103448276,68.96551724137932,2.0,0.6,72.0689655172414,3348.8931034482766
44,69.0,Breece Hall,RB,2025.0,233.0004328497198,24.57221081451061,Med,0.751394357731904,0.159,1.0,147.23825210818387,36.625904700973535,breece hall|RB,Breece Hall,RB,NYJ,25.2,8155,3995.0,33.0,13.0,-178.0,88.46153846153845,both,69.0,33.0,69.0,31.0,-38.0,16.5,68.96551724137932,81.03448275862068,4.0,0.75,71.98275862068967,3338.4267241379325
45,71.0,Kenneth Walker III,RB,2025.0,230.93047952237015,25.27857631759069,Med,0.751394357731904,0.159,1.0,145.93020170614423,35.317854298933895,kenneth walker|RB,Kenneth Walker,RB,KC,25.8,8151,4629.0,24.0,10.0,59.0,91.34615384615384,both,71.0,24.0,71.0,23.0,-48.0,20.8,67.24137931034483,86.20689655172413,4.0,0.75,71.98275862068965,3338.4267241379293
46,66.0,Jaylen Waddle,WR,2025.0,216.97163164160486,27.085557837097877,Med,0.8383157894736843,0.172,1.0,150.60553658926506,30.929774000938238,jaylen waddle|WR,Jaylen Waddle,WR,DEN,27.7,7526,3231.0,54.0,24.0,-40.0,85.25641025641025,both,66.0,54.0,66.0,50.0,-16.0,6.9,78.125,78.125,5.0,0.75,78.125,3264.03125
47,65.0,D'Andre Swift,RB,2025.0,238.81637357616646,27.006160164271048,Med,0.751394357731904,0.159,1.0,150.913476812505,40.30112940529466,dandre swift|RB,D'Andre Swift,RB,CHI,27.6,6790,2563.0,75.0,25.0,176.0,76.92307692307693,both,65.0,75.0,65.0,69.0,4.0,1.7,72.41379310344827,62.06896551724138,6.0,0.75,69.82758620689656,3237.043103448276
48,64.0,Jameson Williams,WR,2025.0,218.24341861661756,24.772073921971252,Med,0.8383157894736843,0.172,1.0,151.48831632572114,31.812553737394325,jameson williams|WR,Jameson Williams,WR,DET,25.4,8148,2743.0,68.0,29.0,-1.0,82.05128205128204,both,64.0,68.0,64.0,63.0,-1.0,0.4,79.16666666666666,73.95833333333334,4.0,0.75,77.86458333333333,3230.6276041666665
49,45.0,Jonathon Brooks,RB,2025.0,154.57262222222255,22.0,Rookie,1.1439730801586347,0.051,1.0,167.80874589541355,57.196398488203215,jonathon brooks|RB,Jonathon Brooks,RB,CAR,23.1,11583,2178.0,87.0,28.0,102.0,74.03846153846155,both,45.0,87.0,45.0,79.0,34.0,14.7,84.48275862068965,56.896551724137936,1.0,0.45,69.3103448275862,3229.6724137931033
50,101.0,Quinshon Judkins,RB,2025.0,207.8727976055487,22.140999315537304,Med,0.751394357731904,0.159,1.0,131.35953013452124,20.7471827273109,quinshon judkins|RB,Quinshon Judkins,RB,CLE,22.8,12512,3958.0,34.0,14.0,-266.0,87.5,both,101.0,34.0,101.0,32.0,-69.0,29.9,56.896551724137936,79.3103448275862,1.0,0.45,69.22413793103449,3228.4439655172414
51,47.0,Wan'Dale Robinson,WR,2025.0,240.45906668407181,24.971937029431896,Med,0.8383157894736843,0.172,1.0,166.90876356374457,47.23300097541775,wandale robinson|WR,Wan'Dale Robinson,WR,TEN,25.6,8126,1660.0,128.0,53.0,-321.0,66.66666666666666,both,47.0,128.0,47.0,115.0,68.0,29.4,85.41666666666666,53.125,4.0,0.75,77.34375,3224.1953125
52,80.0,Christian McCaffrey,RB,2025.0,406.842438613861,29.609856262833677,High,0.5434400984927044,0.355,1.0,142.605949217807,31.993601810596658,christian mccaffrey|RB,Christian McCaffrey,RB,SF,30.2,4034,4739.0,23.0,9.0,233.0,92.3076923076923,both,80.0,23.0,80.0,22.0,-58.0,25.1,62.06896551724138,87.93103448275862,9.0,0.75,68.53448275862068,3218.6163793103447
53,79.0,Kyle Pitts,TE,2025.0,212.81056052989507,25.240246406570844,Med,0.7842767295597485,0.145,1.0,142.70152671607937,34.35398506061817,kyle pitts|TE,Kyle Pitts,TE,ATL,25.9,7553,2659.0,70.0,8.0,-4.0,89.85507246376811,both,79.0,70.0,79.0,65.0,-14.0,6.1,91.8918918918919,81.08108108108108,5.0,0.75,89.18918918918921,3158.6756756756813
54,15.0,Jalen Hurts,QB,2025.0,310.2387762160326,27.42505133470226,Med,0.8236205057440866,0.147,1.0,217.9577221565094,25.386270888828818,jalen hurts|QB,Jalen Hurts,QB,PHI,28.0,6904,2796.0,66.0,9.0,-52.0,88.57142857142857,both,15.0,66.0,15.0,61.0,46.0,19.9,85.0,80.0,6.0,0.75,83.75,3043.3750000000005
55,14.0,Brock Purdy,QB,2025.0,310.83635103463587,26.05612594113621,Med,0.8236205057440866,0.147,1.0,218.3775473243026,25.80609605662204,brock purdy|QB,Brock Purdy,QB,SF,26.7,8183,2380.0,78.0,13.0,-15.0,82.85714285714286,both,14.0,78.0,14.0,71.0,57.0,24.7,87.5,70.0,4.0,0.75,83.125,2967.812500000001
56,109.0,Colston Loveland,TE,2025.0,188.29764043093883,21.77138945927447,Med,0.7842767295597485,0.145,1.0,126.26422626595001,17.916684610488815,colston loveland|TE,Colston Loveland,TE,CHI,22.4,12517,4773.0,22.0,3.0,193.0,97.10144927536231,both,109.0,22.0,109.0,21.0,-88.0,38.1,78.37837837837837,94.5945945945946,1.0,0.45,87.29729729729729,2922.762162162162
57,97.0,Tyler Warren,TE,2025.0,197.82629819634508,23.61122518822724,Med,0.7842767295597485,0.145,1.0,132.65373065564162,24.306189000180424,tyler warren|TE,Tyler Warren,TE,IND,24.2,12518,4377.0,29.0,4.0,151.0,95.65217391304348,both,97.0,29.0,97.0,27.0,-70.0,30.3,81.08108108108108,91.8918918918919,1.0,0.45,87.02702702702703,2907.778378378378
58,90.0,Harold Fannin Jr.,TE,2025.0,205.0161904612939,21.43463381245722,Med,0.7842767295597485,0.145,1.0,137.47496039432366,29.12741873886246,harold fannin|TE,Harold Fannin,TE,CLE,22.1,12506,2857.0,63.0,6.0,-117.0,92.7536231884058,both,90.0,63.0,90.0,58.0,-32.0,13.9,86.48648648648648,86.48648648648648,1.0,0.45,86.48648648648648,2877.8108108108104
59,19.0,Patrick Mahomes,QB,2025.0,345.26588222065044,30.236824093086927,High,0.7911889792899409,0.25,1.0,204.87792070334805,12.30646943566748,patrick mahomes|QB,Patrick Mahomes,QB,KC,30.9,4046,2838.0,64.0,8.0,-183.0,90.0,both,19.0,64.0,19.0,59.0,40.0,17.3,80.0,82.5,9.0,0.75,80.625,2814.6375000000003
60,91.0,Sam LaPorta,TE,2025.0,203.33222015581873,24.8186173853525,Med,0.7842767295597485,0.145,1.0,136.34576298542868,27.99822132996748,sam laporta|TE,Sam LaPorta,TE,DET,25.6,10859,2774.0,67.0,7.0,94.0,91.30434782608695,both,91.0,67.0,91.0,62.0,-29.0,12.6,83.78378378378379,83.78378378378379,3.0,0.75,83.78378378378379,2787.4594594594596
61,18.0,Jordan Love,QB,2025.0,294.14693778705123,27.186858316221766,Med,0.8236205057440866,0.147,1.0,206.6524285627484,14.08097729506784,jordan love|QB,Jordan Love,QB,GB,27.8,6804,2230.0,83.0,14.0,78.0,81.42857142857143,both,18.0,83.0,18.0,76.0,58.0,25.1,82.5,67.5,5.0,0.75,78.75,2749.7124999999996
62,70.0,DK Metcalf,WR,2025.0,211.89323188634037,28.071184120465436,Med,0.8383157894736843,0.172,1.0,147.0804899535843,27.404727365257486,dk metcalf|WR,DK Metcalf,WR,PIT,28.7,5846,2056.0,93.0,38.0,131.0,76.28205128205127,both,70.0,93.0,70.0,84.0,14.0,6.1,76.04166666666666,66.66666666666666,7.0,0.75,73.69791666666666,2746.6979166666615
63,73.0,Jaylen Warren,RB,2025.0,228.58583062321136,27.189596167008897,Med,0.751394357731904,0.159,1.0,144.44856494909075,33.836217541880416,jaylen warren|RB,Jaylen Warren,RB,PIT,27.8,8228,2241.0,82.0,27.0,334.0,75.0,both,73.0,82.0,73.0,75.0,2.0,0.9,65.51724137931035,58.620689655172406,4.0,0.75,63.793103448275865,2726.1551724137935
64,72.0,Michael Wilson,WR,2025.0,208.8278482788413,25.859000684462696,Med,0.8383157894736843,0.172,1.0,144.95272910500518,25.276966516678357,michael wilson|WR,Michael Wilson,WR,ARI,26.5,10232,2185.0,86.0,36.0,272.0,77.56410256410257,both,72.0,86.0,72.0,78.0,6.0,2.6,75.0,68.75,3.0,0.75,73.4375,2709.484375
65,28.0,Jayden Daniels,QB,2025.0,273.034683202808,24.9637234770705,Med,0.8236205057440866,0.147,1.0,191.82005017699277,-0.751401090687807,jayden daniels|QB,Jayden Daniels,QB,WAS,25.7,11566,3722.0,41.0,5.0,-205.0,94.28571428571428,both,28.0,41.0,28.0,38.0,10.0,4.3,70.0,90.0,2.0,0.6,78.0,2702.6200000000003
66,22.0,Justin Herbert,QB,2025.0,288.4757603786401,27.835728952772072,Med,0.8236205057440866,0.147,1.0,202.66815256424456,10.096701296563992,justin herbert|QB,Justin Herbert,QB,LAC,28.5,6797,3148.0,57.0,7.0,1.0,91.42857142857143,both,22.0,57.0,22.0,53.0,31.0,13.4,75.0,85.0,6.0,0.75,77.5,2671.2250000000004
67,93.0,Rome Odunze,WR,2025.0,194.03214445917075,23.789185489390828,Med,0.8383157894736843,0.172,1.0,134.6826541826851,15.00689159435828,rome odunze|WR,Rome Odunze,WR,CHI,24.2,11620,3471.0,49.0,22.0,169.0,86.53846153846155,both,93.0,49.0,93.0,46.0,-47.0,20.3,67.70833333333334,80.20833333333334,2.0,0.6,72.70833333333334,2610.427083333334
68,100.0,Ladd McConkey,WR,2025.0,190.32564126984113,24.161533196440793,Med,0.8383157894736843,0.172,1.0,132.10987590067964,12.434113312352821,ladd mcconkey|WR,Ladd McConkey,WR,LAC,24.8,11635,3808.0,39.0,18.0,-105.0,89.1025641025641,both,100.0,39.0,100.0,36.0,-64.0,27.7,64.58333333333334,84.375,2.0,0.6,72.5,2566.75
69,31.0,Lamar Jackson,QB,2025.0,265.4965011186694,28.985626283367555,Med,0.8236205057440866,0.147,1.0,186.5241132335213,-6.0473380341592815,lamar jackson|QB,Lamar Jackson,QB,BAL,29.6,4881,3847.0,36.0,3.0,-3.0,97.14285714285714,both,31.0,36.0,31.0,34.0,3.0,1.3,65.0,95.0,8.0,0.75,72.5,2503.075
70,128.0,TreVeyon Henderson,RB,2025.0,175.33795242859466,23.274469541409992,Med,0.751394357731904,0.159,1.0,110.80002439508436,0.18767698787402765,treveyon henderson|RB,TreVeyon Henderson,RB,NE,23.8,12529,3545.0,47.0,17.0,-696.0,84.61538461538461,both,128.0,47.0,126.0,44.0,-82.0,35.5,44.827586206896555,74.13793103448276,1.0,0.45,60.948275862068975,2492.6801724137945
71,77.0,Parker Washington,WR,2025.0,205.8467066729331,23.805612594113622,Med,0.8383157894736843,0.172,1.0,142.88344277568447,23.207680187357653,parker washington|WR,Parker Washington,WR,JAX,24.4,9487,2600.0,73.0,30.0,644.0,81.41025641025641,both,77.0,73.0,77.0,68.0,-9.0,3.9,71.875,72.91666666666666,3.0,0.75,72.13541666666666,2474.6197916666615
72,30.0,Jaxson Dart,QB,2025.0,270.7808312023166,22.642026009582477,Low,0.8363636363636363,0.164,1.0,189.32995717665978,-3.2414940910207974,jaxson dart|QB,Jaxson Dart,QB,NYG,23.3,12508,2614.0,72.0,11.0,-186.0,85.71428571428571,both,30.0,72.0,30.0,67.0,37.0,16.0,67.5,75.0,1.0,0.45,71.625,2455.6337500000004
73,25.0,Dak Prescott,QB,2025.0,324.5266829348498,32.42984257357974,High,0.7911889792899409,0.25,1.0,192.57145126768057,0.0,dak prescott|QB,Dak Prescott,QB,DAL,33.1,3294,2154.0,88.0,15.0,-58.0,80.0,both,25.0,88.0,25.0,80.0,55.0,23.8,72.5,65.0,10.0,0.75,70.625,2424.0437500000003
74,20.0,Daniel Jones,QB,2025.0,289.97549157219356,28.525667351129364,Med,0.8236205057440866,0.147,1.0,203.7217861518344,11.150334884153835,daniel jones|QB,Daniel Jones,QB,IND,29.2,5870,1280.0,171.0,26.0,-49.0,64.28571428571429,both,20.0,171.0,20.0,146.0,126.0,54.5,77.5,42.5,7.0,0.75,68.75,2351.875
75,75.0,Quentin Johnston,WR,2025.0,206.8456214390144,24.34223134839151,Med,0.8383157894736843,0.172,1.0,143.5768149608608,23.901052372533968,quentin johnston|WR,Quentin Johnston,WR,LAC,25.0,9754,1948.0,99.0,42.0,-57.0,73.71794871794873,both,75.0,99.0,75.0,90.0,15.0,6.5,73.95833333333334,62.5,3.0,0.75,71.09375,2314.640625
76,76.0,Alec Pierce,WR,2025.0,206.70719868547536,25.67008898015058,Med,0.8383157894736843,0.172,1.0,143.48073220149186,23.804969613165042,alec pierce|WR,Alec Pierce,WR,IND,26.3,8142,1982.0,97.0,41.0,-225.0,74.35897435897436,both,76.0,97.0,76.0,88.0,12.0,5.2,72.91666666666666,63.541666666666664,4.0,0.75,70.57291666666666,2293.859374999999
77,37.0,Trey Benson,RB,2025.0,185.9527555555559,23.0,Rookie,1.1953232462173315,0.207,1.0,176.26300557108394,65.6506581638736,trey benson|RB,Trey Benson,RB,ARI,24.1,11589,781.0,222.0,66.0,-222.0,37.5,both,37.0,222.0,37.0,174.0,137.0,59.3,87.93103448275862,13.793103448275861,2.0,0.6,58.27586206896551,2252.0793103448277
78,8.0,Travis Hunter,WR,2025.0,208.91897777777805,22.0,Rookie,1.1439730801586347,0.051,1.0,226.80880449992415,107.13304191159733,travis hunter|WR,Travis Hunter,WR,JAX,23.3,12530,1774.0,116.0,48.0,-160.0,69.87179487179486,both,8.0,116.0,8.0,104.0,96.0,41.6,96.875,58.333333333333336,0.0,0.3,69.89583333333334,2250.6718750000014
79,95.0,Rico Dowdle,RB,2025.0,210.41501047170308,27.572895277207394,Med,0.751394357731904,0.159,1.0,132.96601203810178,22.353664630891444,rico dowdle|RB,Rico Dowdle,RB,PIT,28.2,7021,1902.0,101.0,31.0,111.0,71.15384615384616,both,95.0,101.0,95.0,92.0,-3.0,1.3,60.3448275862069,51.724137931034484,5.0,0.75,58.189655172413794,2249.573275862069
80,96.0,Marvin Harrison Jr.,WR,2025.0,191.1374866748268,23.37577002053388,Med,0.8383157894736843,0.172,1.0,132.67339847697366,12.99763588864684,marvin harrison|WR,Marvin Harrison Jr,WR,ARI,24.0,11628,3100.0,59.0,27.0,-197.0,83.33333333333334,both,96.0,59.0,96.0,54.0,-42.0,18.2,65.625,76.04166666666666,2.0,0.6,69.79166666666666,2243.8437499999986
81,87.0,Michael Pittman,WR,2025.0,200.63016805777124,28.243668720054757,Med,0.8383157894736843,0.172,1.0,139.26251043844326,19.58674785011644,michael pittman|WR,Michael Pittman,WR,PIT,28.9,6819,1797.0,112.0,46.0,64.0,71.15384615384616,both,87.0,112.0,87.0,101.0,14.0,6.1,69.79166666666666,59.375,6.0,0.75,67.1875,2091.609375
82,98.0,Rhamondre Stevenson,RB,2025.0,209.84387549250056,27.93429158110883,Med,0.751394357731904,0.159,1.0,132.60509890576495,21.99275149855461,rhamondre stevenson|RB,Rhamondre Stevenson,RB,NE,28.5,7611,1695.0,124.0,39.0,-74.0,63.46153846153846,both,98.0,124.0,98.0,111.0,13.0,5.6,58.620689655172406,39.6551724137931,5.0,0.75,53.87931034482758,2080.715517241379
83,102.0,J.K. Dobbins,RB,2025.0,206.917219861256,26.8911704312115,Med,0.751394357731904,0.159,1.0,130.7556789094298,20.143331502219468,jk dobbins|RB,J.K. Dobbins,RB,DEN,27.7,6806,1842.0,107.0,33.0,133.0,69.23076923076923,both,102.0,107.0,102.0,97.0,-5.0,2.2,55.172413793103445,48.275862068965516,5.0,0.75,53.44827586206897,2069.4137931034484
84,43.0,Joe Burrow,QB,2025.0,286.2027152805623,29.062286105407257,High,0.7911889792899409,0.25,1.0,169.83032562962825,-22.741125638052324,joe burrow|QB,Joe Burrow,QB,CIN,29.7,6770,3687.0,43.0,6.0,193.0,92.85714285714286,both,43.0,43.0,43.0,40.0,-3.0,1.3,52.5,87.5,6.0,0.75,61.25,2065.475000000001
85,108.0,RJ Harvey,RB,2025.0,200.13136055302778,24.966461327857633,Med,0.751394357731904,0.159,1.0,126.46754067991844,15.855193272708107,rj harvey|RB,RJ Harvey,RB,DEN,25.5,12489,2094.0,91.0,29.0,60.0,73.07692307692307,both,108.0,91.0,108.0,82.0,-26.0,11.3,50.0,55.172413793103445,1.0,0.45,52.8448275862069,2053.591379310345
86,78.0,Romeo Doubs,WR,2025.0,205.7425261075678,25.741273100616016,Med,0.8383157894736843,0.172,1.0,142.8111283914016,23.13536580307479,romeo doubs|WR,Romeo Doubs,WR,NE,26.4,8121,1448.0,147.0,60.0,-70.0,62.17948717948718,both,78.0,147.0,78.0,128.0,50.0,21.6,70.83333333333334,47.91666666666667,4.0,0.75,65.10416666666667,2028.1302083333335
87,112.0,DJ Moore,WR,2025.0,172.4122901773416,28.758384668035593,Med,0.8383157894736843,0.172,1.0,119.67576258832682,0.0,dj moore|WR,DJ Moore,WR,BUF,29.4,4983,2292.0,81.0,33.0,-3.0,79.48717948717949,both,112.0,81.0,112.0,73.0,-39.0,16.9,61.458333333333336,70.83333333333334,8.0,0.75,63.802083333333336,2000.3593750000002
88,120.0,Brian Thomas Jr.,WR,2025.0,166.3845853661937,23.255304585900067,Med,0.8383157894736843,0.172,1.0,115.4917791310602,-4.183983457266621,brian thomas|WR,Brian Thomas,WR,JAX,23.9,11631,3027.0,60.0,28.0,-151.0,82.6923076923077,both,120.0,60.0,119.0,55.0,-64.0,27.7,56.25,75.0,2.0,0.6,63.75,1998.8749999999998
89,148.0,Luther Burden III,WR,2025.0,138.3857905757981,22.09719370294319,Med,0.8383157894736843,0.172,1.0,96.05710243458984,-23.618660153736982,luther burden|WR,Luther Burden,WR,CHI,22.7,12519,3636.0,44.0,20.0,214.0,87.82051282051282,both,148.0,44.0,146.0,41.0,-105.0,45.5,40.625,82.29166666666666,1.0,0.45,63.541666666666664,1992.9374999999998
90,113.0,Terry McLaurin,WR,2025.0,219.18658524039358,30.299794661190965,High,0.738135593220339,0.265,1.0,118.91522378993335,-0.760538798393469,terry mclaurin|WR,Terry McLaurin,WR,WAS,30.9,5927,2223.0,85.0,35.0,72.0,78.2051282051282,both,113.0,85.0,113.0,77.0,-36.0,15.6,60.416666666666664,69.79166666666666,7.0,0.75,62.760416666666664,1969.1614583333333
91,38.0,Jared Goff,QB,2025.0,294.1412268346602,31.21971252566735,High,0.7911889792899409,0.25,1.0,174.54097276980434,-18.03047849787623,jared goff|QB,Jared Goff,QB,DET,31.9,3163,1872.0,102.0,18.0,-2.0,75.71428571428571,both,38.0,102.0,38.0,93.0,55.0,23.8,60.0,60.0,10.0,0.75,60.0,1959.1999999999996
92,94.0,Khalil Shakir,WR,2025.0,193.29115964055535,25.95208761122519,Med,0.8383157894736843,0.172,1.0,134.16831774447087,14.49255515614405,khalil shakir|WR,Khalil Shakir,WR,BUF,26.6,8134,1468.0,143.0,59.0,84.0,62.82051282051282,both,94.0,143.0,94.0,126.0,32.0,13.9,66.66666666666666,48.95833333333333,4.0,0.75,62.23958333333333,1952.3385416666663
93,110.0,Jayden Reed,WR,2025.0,181.39738706768335,25.700205338809035,Med,0.8383157894736843,0.172,1.0,125.91254722343382,6.236784635107,jayden reed|WR,Jayden Reed,WR,GB,26.3,10222,1754.0,117.0,49.0,142.0,69.23076923076923,both,110.0,117.0,110.0,105.0,-5.0,2.2,62.5,57.291666666666664,3.0,0.75,61.197916666666664,1942.828125
94,107.0,Kenny Gainwell,RB,2025.0,200.71072477953916,26.82546201232033,Med,0.751394357731904,0.159,1.0,126.83365406006212,16.22130665285178,kenny gainwell|RB,Kenny Gainwell,RB,TB,27.4,7567,1783.0,114.0,37.0,189.0,65.38461538461539,both,107.0,114.0,107.0,103.0,-4.0,1.7,51.724137931034484,41.37931034482759,5.0,0.75,49.13793103448276,1863.3362068965519
95,111.0,Dalton Kincaid,TE,2025.0,185.90405791810593,26.247775496235455,Med,0.7842767295597485,0.145,1.0,124.65919370529294,16.311652049831736,dalton kincaid|TE,Dalton Kincaid,TE,BUF,26.8,10236,1696.0,123.0,14.0,-5.0,81.15942028985508,both,111.0,123.0,111.0,110.0,-1.0,0.4,75.67567567567568,70.27027027027027,3.0,0.75,74.32432432432432,1822.5945945945941
96,52.0,Kaleb Johnson,RB,2025.0,173.7320666666668,22.0,Rookie,1.1953232462173315,0.207,1.0,164.67912047473652,54.066773067526185,kaleb johnson|RB,Kaleb Johnson,RB,PIT,23.0,12504,900.0,209.0,62.0,-275.0,41.34615384615385,both,52.0,209.0,52.0,168.0,116.0,50.2,81.03448275862068,17.24137931034483,1.0,0.45,45.94827586206897,1808.8112068965518
97,118.0,Tony Pollard,RB,2025.0,184.77484248840187,28.67624914442163,Med,0.751394357731904,0.159,1.0,116.76340901522921,6.151061608018878,tony pollard|RB,Tony Pollard,RB,TEN,29.3,5967,1631.0,130.0,42.0,-111.0,61.057692307692314,both,118.0,130.0,117.0,116.0,-1.0,0.4,48.275862068965516,36.206896551724135,7.0,0.75,45.25862068965517,1800.594827586207
98,39.0,Sam Darnold,QB,2025.0,246.8350533925239,28.654346338124572,Med,0.8236205057440866,0.147,1.0,173.41354501847283,-19.15790624920774,sam darnold|QB,Sam Darnold,QB,SEA,29.2,4943,1509.0,138.0,22.0,48.0,70.0,both,39.0,138.0,39.0,122.0,83.0,35.9,57.49999999999999,50.0,8.0,0.75,55.62499999999999,1800.5624999999998
99,137.0,David Montgomery,RB,2025.0,162.93664199911535,28.57221081451061,Med,0.751394357731904,0.159,1.0,102.96335538483741,-7.648992022372923,david montgomery|RB,David Montgomery,RB,HOU,29.2,5892,2292.0,80.0,26.0,-97.0,75.96153846153845,both,137.0,80.0,135.0,73.0,-62.0,26.8,39.6551724137931,60.3448275862069,7.0,0.75,44.82758620689655,1800.103448275862
100,129.0,Zach Charbonnet,RB,2025.0,175.0409588227588,25.021218343600275,Med,0.751394357731904,0.159,1.0,110.61234740721034,0.0,zach charbonnet|RB,Zach Charbonnet,RB,SEA,25.6,9753,1801.0,109.0,34.0,15.0,68.26923076923077,both,129.0,109.0,127.0,99.0,-28.0,12.1,43.103448275862064,46.55172413793103,3.0,0.75,43.9655172413793,1799.1206896551723
101,153.0,Derrick Henry,RB,2025.0,270.79016172901703,31.994524298425734,High,0.5434400984927044,0.355,1.0,94.91705974376268,-15.695287663447658,derrick henry|RB,Derrick Henry,RB,BAL,32.6,3198,3332.0,52.0,19.0,270.0,82.6923076923077,both,153.0,52.0,150.0,48.0,-102.0,44.2,34.48275862068966,72.41379310344827,10.0,0.75,43.96551724137932,1799.1206896551723
102,218.0,Bhayshul Tuten,RB,2025.0,95.36164516422426,23.901437371663246,Low,0.882062534284147,0.159,1.0,70.7406598363385,-39.87168757087184,bhayshul tuten|RB,Bhayshul Tuten,RB,JAX,23.5,12490,2678.0,69.0,24.0,184.0,77.88461538461539,both,218.0,69.0,208.0,64.0,-144.0,62.3,13.793103448275861,63.793103448275865,1.0,0.45,41.293103448275865,1790.5189655172414
103,119.0,Tyrone Tracy Jr.,RB,2025.0,183.66626445565393,26.11088295687885,Med,0.751394357731904,0.159,1.0,116.06287344166392,5.450526034453588,tyrone tracy|RB,Tyrone Tracy,RB,NYG,26.7,11655,1472.0,142.0,45.0,75.0,57.692307692307686,both,119.0,142.0,118.0,125.0,7.0,3.0,46.55172413793103,32.758620689655174,2.0,0.6,41.03448275862069,1788.4551724137932
104,152.0,Chuba Hubbard,RB,2025.0,150.3037654821154,26.581793292265573,Med,0.751394357731904,0.159,1.0,94.98035451779062,-15.63199288941972,chuba hubbard|RB,Chuba Hubbard,RB,CAR,27.2,7594,2048.0,94.0,30.0,137.0,72.11538461538461,both,152.0,94.0,149.0,85.0,-64.0,27.7,36.206896551724135,53.44827586206896,5.0,0.75,40.51724137931034,1784.3275862068965
105,123.0,Jordan Addison,WR,2025.0,165.16357908185915,23.9315537303217,Med,0.8383157894736843,0.172,1.0,114.64424756557507,-5.031515022751748,jordan addison|WR,Jordan Addison,WR,MIN,24.6,9756,2099.0,90.0,37.0,-18.0,76.92307692307693,both,123.0,90.0,122.0,81.0,-41.0,17.7,54.166666666666664,67.70833333333334,3.0,0.75,57.552083333333336,1767.4895833333335
106,40.0,C.J. Stroud,QB,2025.0,246.60556959550746,24.28747433264887,Med,0.8236205057440866,0.147,1.0,173.25232156897502,-19.319129698705552,cj stroud|QB,C.J. Stroud,QB,HOU,24.9,9758,1717.0,121.0,21.0,-108.0,71.42857142857143,both,40.0,121.0,40.0,108.0,68.0,29.4,55.00000000000001,52.5,3.0,0.75,54.37500000000001,1766.4375000000002
107,46.0,Tyler Shough,QB,2025.0,239.38294820059346,26.26420260095825,Low,0.8363636363636363,0.164,1.0,167.37655738185492,-25.19489388582565,tyler shough|QB,Tyler Shough,QB,NO,26.9,12545,1822.0,108.0,19.0,107.0,74.28571428571429,both,46.0,108.0,46.0,98.0,52.0,22.5,50.0,57.49999999999999,1.0,0.45,54.125,1759.6125
108,115.0,Jalen Coker,WR,2025.0,168.93257093681243,24.194387405886378,Med,0.8383157894736843,0.172,1.0,117.26040082220644,-2.415361766120384,jalen coker|WR,Jalen Coker,WR,CAR,24.8,11646,1661.0,127.0,52.0,190.0,67.3076923076923,both,115.0,127.0,115.0,114.0,-1.0,0.4,58.333333333333336,54.166666666666664,2.0,0.6,56.66666666666667,1753.6666666666667
109,116.0,Courtland Sutton,WR,2025.0,215.8814332272507,30.288843258042437,High,0.738135593220339,0.265,1.0,117.12208078863347,-2.5536817996933507,courtland sutton|WR,Courtland Sutton,WR,DEN,30.9,5045,1622.0,131.0,54.0,77.0,66.02564102564102,both,116.0,131.0,116.0,117.0,1.0,0.4,57.291666666666664,52.083333333333336,8.0,0.75,55.989583333333336,1752.3802083333333
110,104.0,Jauan Jennings,WR,2025.0,184.86965191290162,28.520191649555098,Med,0.8383157894736843,0.172,1.0,128.32273470387798,8.646972115551165,jauan jennings|WR,Jauan Jennings,WR,MIN,29.1,7049,1006.0,198.0,84.0,-47.0,46.794871794871796,both,104.0,198.0,104.0,161.0,57.0,24.7,63.541666666666664,32.29166666666667,5.0,0.75,55.72916666666667,1748.677083333334
111,122.0,Jake Ferguson,TE,2025.0,171.10345974707522,26.95687885010267,Med,0.7842767295597485,0.145,1.0,114.73455486190905,6.387013206447847,jake ferguson|TE,Jake Ferguson,TE,DAL,27.6,8110,1700.0,122.0,13.0,-86.0,82.6086956521739,both,122.0,122.0,121.0,109.0,-12.0,5.2,72.97297297297297,72.97297297297297,4.0,0.75,72.97297297297297,1743.7837837837837
112,155.0,Kyle Monangai,RB,2025.0,149.63127566927128,23.613963039014372,Med,0.751394357731904,0.159,1.0,94.55539296989687,-16.056954437313465,kyle monangai|RB,Kyle Monangai,RB,CHI,24.2,12534,1799.0,110.0,35.0,-249.0,67.3076923076923,both,155.0,110.0,152.0,100.0,-52.0,22.5,32.758620689655174,44.827586206896555,1.0,0.45,39.396551724137936,1735.1310344827587
113,34.0,Justin Fields,QB,2025.0,255.2497439687765,26.69678302532512,Med,0.8236205057440866,0.147,1.0,179.3252715054763,-13.246179762204264,justin fields|QB,Justin Fields,QB,KC,27.5,7591,356.0,273.0,42.0,-87.0,41.42857142857143,both,34.0,273.0,34.0,197.0,163.0,70.6,62.5,17.5,5.0,0.75,51.25,1714.3999999999994
114,127.0,George Kittle,TE,2025.0,221.30908380041038,32.251882272416154,High,0.7637426900584795,0.344,1.0,110.8792159174435,2.531674261982303,george kittle|TE,George Kittle,TE,SF,32.9,4217,1972.0,98.0,10.0,0.0,86.95652173913044,both,127.0,98.0,125.0,89.0,-36.0,15.6,70.27027027027027,78.37837837837837,9.0,0.75,72.2972972972973,1704.3783783783786
115,125.0,Stefon Diggs,WR,2025.0,208.45459663426269,32.16974674880219,High,0.738135593220339,0.265,1.0,113.09280164941138,-6.582960938915434,stefon diggs|WR,Stefon Diggs,WR,,32.7,2449,1544.0,135.0,56.0,303.0,64.74358974358975,both,125.0,135.0,123.0,120.0,-3.0,1.3,53.125,51.041666666666664,11.0,0.75,52.604166666666664,1659.0104166666665
116,174.0,Jacory Croskey-Merritt,RB,2025.0,139.56468349993477,24.725530458590008,Med,0.751394357731904,0.159,1.0,88.19408532093205,-22.41826208627829,jacory croskeymerritt|RB,Jacory Croskey-Merritt,RB,WAS,25.4,12533,1797.0,111.0,36.0,132.0,66.34615384615384,both,174.0,111.0,169.0,101.0,-68.0,29.4,27.586206896551722,43.103448275862064,1.0,0.45,36.12068965517241,1658.673275862069
117,136.0,Josh Downs,WR,2025.0,148.56319439374022,24.39151266255989,Med,0.8383157894736843,0.172,1.0,103.1214976805944,-16.554264907732417,josh downs|WR,Josh Downs,WR,IND,25.0,9500,1942.0,100.0,43.0,116.0,73.07692307692307,both,136.0,100.0,134.0,91.0,-43.0,18.6,48.95833333333333,61.458333333333336,3.0,0.75,52.083333333333336,1640.2083333333335
118,106.0,MarShawn Lloyd,RB,2025.0,134.08022222222235,24.0,Rookie,1.1953232462173315,0.207,1.0,127.09348073880494,16.481133331594606,marshawn lloyd|RB,MarShawn Lloyd,RB,GB,25.6,11581,1224.0,180.0,56.0,140.0,47.11538461538461,both,106.0,180.0,106.0,149.0,43.0,18.6,53.44827586206896,20.689655172413794,1.0,0.45,35.43103448275862,1640.1974137931034
119,134.0,Woody Marks,RB,2025.0,167.64056465502676,25.048596851471594,Med,0.751394357731904,0.159,1.0,105.93587067778194,-4.676476729428401,woody marks|RB,Woody Marks,RB,HOU,25.6,12474,1391.0,157.0,48.0,71.0,54.807692307692314,both,134.0,157.0,132.0,136.0,4.0,1.7,41.37931034482759,29.310344827586203,1.0,0.45,34.741379310344826,1625.275
120,193.0,Blake Corum,RB,2025.0,127.30611583842717,25.16084873374401,Med,0.751394357731904,0.159,1.0,80.44761869958278,-30.16472870762756,blake corum|RB,Blake Corum,RB,LAR,25.7,11586,1863.0,103.0,32.0,5.0,70.1923076923077,both,193.0,103.0,185.0,94.0,-91.0,39.4,22.413793103448278,50.0,2.0,0.6,33.44827586206897,1603.9
121,138.0,Mike Evans,WR,2025.0,187.80252040089485,32.3668720054757,High,0.738135593220339,0.265,1.0,101.88843773122615,-17.78732485710067,mike evans|WR,Mike Evans,WR,SF,33.0,2216,1860.0,105.0,44.0,-43.0,72.43589743589743,both,138.0,105.0,136.0,96.0,-40.0,17.3,47.91666666666667,60.416666666666664,11.0,0.75,51.041666666666664,1582.1874999999995
122,131.0,Brenton Strange,TE,2025.0,161.57851707929046,25.034907597535934,Med,0.7842767295597485,0.145,1.0,108.3475416554612,0.0,brenton strange|TE,Brenton Strange,TE,JAX,25.7,9480,1448.0,146.0,17.0,-150.0,76.81159420289855,both,131.0,146.0,129.0,128.0,-1.0,0.4,67.56756756756756,62.16216216216216,3.0,0.75,66.21621621621622,1560.567567567568
123,126.0,Ricky Pearsall,WR,2025.0,161.20907676925916,25.352498288843258,Med,0.8383157894736843,0.172,1.0,111.89932677465629,-7.776435813670531,ricky pearsall|WR,Ricky Pearsall,WR,SF,26.0,11638,1427.0,149.0,62.0,-352.0,60.89743589743589,both,126.0,149.0,124.0,131.0,7.0,3.0,52.083333333333336,45.83333333333333,2.0,0.6,49.58333333333333,1538.625
124,158.0,Rachaad White,RB,2025.0,148.00198029261196,26.973305954825463,Med,0.751394357731904,0.159,1.0,93.52580430993936,-17.086543097270976,rachaad white|RB,Rachaad White,RB,WAS,27.6,8136,1602.0,132.0,43.0,-194.0,59.61538461538461,both,158.0,132.0,154.0,118.0,-36.0,15.6,31.03448275862069,34.48275862068966,4.0,0.75,31.89655172413793,1495.5344827586205
125,130.0,Deebo Samuel Sr.,WR,2025.0,202.1880830920779,29.965776865160848,High,0.738135593220339,0.265,1.0,109.69303218161176,-9.982730406715064,deebo samuel|WR,Deebo Samuel,WR,,30.6,5872,1315.0,167.0,69.0,469.0,56.41025641025641,both,130.0,167.0,128.0,144.0,16.0,6.9,51.041666666666664,41.66666666666667,7.0,0.75,48.69791666666667,1486.411458333334
126,121.0,Tre Tucker,WR,2025.0,165.3453796191867,24.82135523613963,Med,0.8383157894736843,0.172,1.0,114.7704399496636,-4.905322638663222,tre tucker|WR,Tre Tucker,WR,LV,25.5,10213,896.0,210.0,88.0,-13.0,44.230769230769226,both,121.0,210.0,120.0,169.0,49.0,21.2,55.208333333333336,29.166666666666668,3.0,0.75,48.697916666666664,1486.411458333333
127,49.0,Bryce Young,QB,2025.0,236.54280319898413,24.459958932238195,Med,0.8236205057440866,0.147,1.0,166.1827422303432,-26.388709037337378,bryce young|QB,Bryce Young,QB,CAR,25.1,9228,1417.0,152.0,25.0,48.0,65.71428571428571,both,49.0,152.0,49.0,133.0,84.0,36.4,47.5,45.0,3.0,0.75,46.875,1485.28125
128,86.0,Cam Ward,QB,2025.0,199.32005491847724,23.60848733744011,Med,0.8236205057440866,0.147,1.0,140.0319640246717,-52.539487243008864,cam ward|QB,Cam Ward,QB,TEN,24.2,12522,2090.0,92.0,17.0,3.0,77.14285714285715,both,86.0,92.0,86.0,83.0,-3.0,1.3,27.500000000000004,62.5,1.0,0.45,46.75,1483.6725000000001
129,144.0,Oronde Gadsden II,TE,2025.0,145.95362778525123,22.543463381245722,Med,0.7842767295597485,0.145,1.0,97.87016895611201,-10.47737269934919,oronde gadsden|TE,Oronde Gadsden,TE,LAC,23.2,12493,1575.0,133.0,15.0,-236.0,79.71014492753623,both,144.0,133.0,142.0,119.0,-23.0,10.0,56.75675675675676,67.56756756756756,1.0,0.45,62.7027027027027,1469.772972972973
130,55.0,Baker Mayfield,QB,2025.0,267.79346445156136,30.72142368240931,High,0.7911889792899409,0.25,1.0,158.90642834996095,-33.665022917719625,baker mayfield|QB,Baker Mayfield,QB,TB,31.4,4892,1752.0,119.0,20.0,21.0,72.85714285714285,both,55.0,119.0,55.0,106.0,51.0,22.1,42.5,55.00000000000001,8.0,0.75,45.625,1463.83125
131,135.0,Jalen McMillan,WR,2025.0,110.96533333333359,23.0,Rookie,1.1953232462173315,0.207,1.0,105.18307786886776,-14.492684719459064,jalen mcmillan|WR,Jalen McMillan,WR,TB,24.7,11618,1421.0,150.0,63.0,-63.0,60.256410256410255,both,135.0,150.0,133.0,132.0,-1.0,0.4,50.0,44.79166666666667,2.0,0.6,47.91666666666667,1458.416666666667
132,162.0,Jayden Higgins,WR,2025.0,132.40603137698125,23.08829568788501,Med,0.8383157894736843,0.172,1.0,91.90639924819357,-27.769363340133253,jayden higgins|WR,Jayden Higgins,WR,HOU,23.7,12484,1752.0,118.0,50.0,-30.0,68.58974358974359,both,162.0,118.0,158.0,106.0,-52.0,22.5,37.5,56.25,1.0,0.45,47.8125,1456.4375
133,114.0,Troy Franklin,WR,2025.0,171.08918596649497,22.90485968514716,Med,0.8383157894736843,0.172,1.0,118.75736225123934,-0.9184003370874763,troy franklin|WR,Troy Franklin,WR,DEN,23.5,11627,925.0,204.0,86.0,-152.0,45.51282051282051,both,114.0,204.0,114.0,165.0,51.0,22.1,59.375,30.208333333333332,2.0,0.6,47.708333333333336,1454.4583333333335
134,145.0,Xavier Worthy,WR,2025.0,140.50084441408936,22.666666666666668,Med,0.8383157894736843,0.172,1.0,97.52521518196136,-22.15054740636546,xavier worthy|WR,Xavier Worthy,WR,KC,23.3,11624,1694.0,125.0,51.0,-52.0,67.94871794871796,both,145.0,125.0,143.0,112.0,-31.0,13.4,42.70833333333333,55.208333333333336,2.0,0.6,47.70833333333333,1454.4583333333333
135,192.0,Matthew Golden,WR,2025.0,106.9050667826817,22.442162902121833,Low,0.8844155844155845,0.149,1.0,80.46077955536924,-39.214983032957576,matthew golden|WR,Matthew Golden,WR,GB,23.1,12501,2012.0,96.0,40.0,110.0,75.0,both,192.0,96.0,184.0,87.0,-97.0,42.0,26.041666666666668,64.58333333333334,1.0,0.45,47.23958333333334,1447.1432291666667
136,146.0,Kimani Vidal,RB,2025.0,153.48380512004272,24.366872005475702,Med,0.751394357731904,0.159,1.0,96.98989360832593,-13.622453798884408,kimani vidal|RB,Kimani Vidal,RB,LAC,25.0,11647,842.0,214.0,63.0,-37.0,40.38461538461539,both,146.0,214.0,144.0,171.0,27.0,11.7,37.93103448275862,15.517241379310345,2.0,0.6,28.96551724137931,1428.7655172413793
137,142.0,Jakobi Meyers,WR,2025.0,184.32317844932865,29.166324435318277,High,0.738135593220339,0.265,1.0,100.00079152168088,-19.674971066645938,jakobi meyers|WR,Jakobi Meyers,WR,JAX,29.8,5947,1441.0,148.0,61.0,-44.0,61.53846153846154,both,142.0,148.0,140.0,130.0,-10.0,4.3,44.79166666666667,46.875,7.0,0.75,45.3125,1427.65625
138,161.0,Davante Adams,WR,2025.0,238.79280826183987,33.08145106091718,High,0.738135593220339,0.265,0.71,91.98204873690273,-27.693713851424093,davante adams|WR,Davante Adams,WR,LAR,33.7,2133,2031.0,95.0,39.0,18.0,75.64102564102564,both,161.0,95.0,157.0,86.0,-71.0,30.7,38.54166666666667,65.625,11.0,0.75,45.3125,1427.65625
139,180.0,Jordan Mason,RB,2025.0,137.02253301809833,26.611909650924023,Med,0.751394357731904,0.159,1.0,86.58764283941532,-24.024704567795013,jordan mason|RB,Jordan Mason,RB,MIN,27.3,8408,1678.0,126.0,40.0,135.0,62.5,both,180.0,126.0,173.0,113.0,-60.0,26.0,25.862068965517242,37.93103448275862,4.0,0.75,28.879310344827587,1425.1293103448274
140,133.0,Dallas Goedert,TE,2025.0,214.9541818279916,31.017111567419576,High,0.7637426900584795,0.344,1.0,107.69531340502117,-0.6522282504400323,dallas goedert|TE,Dallas Goedert,TE,PHI,31.6,5022,1316.0,166.0,24.0,63.0,66.66666666666666,both,133.0,166.0,131.0,143.0,12.0,5.2,62.16216216216216,45.94594594594595,8.0,0.75,58.10810810810811,1412.3513513513512
141,149.0,AJ Barner,TE,2025.0,143.04617187181688,23.745379876796715,Med,0.7842767295597485,0.145,1.0,95.92055519317805,-12.426986462283153,aj barner|TE,AJ Barner,TE,SEA,24.3,11603,1413.0,154.0,19.0,60.0,73.91304347826086,both,149.0,154.0,147.0,134.0,-13.0,5.6,54.054054054054056,59.45945945945946,2.0,0.6,56.216216216216225,1406.9027027027028
142,89.0,Ben Sinnott,TE,2025.0,127.84760000000004,23.0,Rookie,1.1439730801586347,0.051,1.0,138.79524791198176,30.44770625652056,ben sinnott|TE,Ben Sinnott,TE,WAS,24.2,11596,217.0,307.0,51.0,-13.0,27.536231884057973,both,89.0,307.0,89.0,207.0,118.0,51.1,89.1891891891892,5.405405405405405,2.0,0.6,55.67567567567568,1405.345945945946
143,166.0,Tyjae Spears,RB,2025.0,143.88864951431873,24.550308008213552,Med,0.751394357731904,0.159,1.0,90.92649740423367,-19.685850002976665,tyjae spears|RB,Tyjae Spears,RB,TEN,25.2,9508,1271.0,172.0,51.0,35.0,51.92307692307693,both,166.0,172.0,162.0,147.0,-15.0,6.5,29.310344827586203,24.137931034482758,3.0,0.75,28.01724137931034,1390.3663793103449
144,139.0,Greg Dulcich,TE,2025.0,132.49405078296488,25.77138945927447,Low,0.8692640692640693,0.122,1.0,101.12129497298089,-7.226246682480308,greg dulcich|TE,Greg Dulcich,TE,MIA,26.4,8172,988.0,200.0,28.0,-14.0,60.86956521739131,both,139.0,200.0,137.0,163.0,26.0,11.3,59.45945945945946,37.83783783783784,4.0,0.75,54.054054054054056,1388.2432432432433
145,140.0,Jerry Jeudy,WR,2025.0,145.22278945333363,26.694045174537987,Med,0.8383157894736843,0.172,1.0,100.80283751903761,-18.87292506928921,jerry jeudy|WR,Jerry Jeudy,WR,CLE,27.3,6783,1093.0,197.0,83.0,-31.0,47.43589743589743,both,140.0,197.0,138.0,160.0,22.0,9.5,46.875,33.33333333333333,6.0,0.75,43.48958333333333,1386.0703124999995
146,132.0,Jake Tonges,TE,2025.0,141.8277392293626,26.527036276522928,Low,0.8692640692640693,0.122,1.0,108.24489529312027,-0.10264636234093416,jake tonges|TE,Jake Tonges,TE,SF,27.1,8698,580.0,243.0,37.0,-3.0,47.82608695652174,both,132.0,243.0,130.0,186.0,56.0,24.2,64.86486486486487,18.91891891891892,3.0,0.75,53.378378378378386,1380.702702702703
147,143.0,Kayshon Boutte,WR,2025.0,143.37960193259443,23.734428473648187,Med,0.8383157894736843,0.172,1.0,99.52343410811568,-20.15232848021114,kayshon boutte|WR,Kayshon Boutte,WR,NE,24.3,9504,1179.0,187.0,77.0,317.0,51.28205128205128,both,143.0,187.0,141.0,153.0,12.0,5.2,43.75,39.58333333333333,3.0,0.75,42.70833333333333,1369.1458333333333
148,81.0,Matthew Stafford,QB,2025.0,337.7419790526418,37.960301163586585,High,0.7911889792899409,0.25,0.71,142.2934421142879,-50.278009153392674,matthew stafford|QB,Matthew Stafford,QB,LAR,38.5,421,1476.0,141.0,23.0,-43.0,68.57142857142857,both,81.0,141.0,81.0,124.0,43.0,18.6,40.0,47.5,11.0,0.75,41.875,1325.3812500000001
149,189.0,Chris Rodriguez Jr.,RB,2025.0,129.83667303022546,26.269678302532512,Med,0.751394357731904,0.159,1.0,82.04673511848011,-28.56561228873022,chris rodriguez|RB,Chris Rodriguez,RB,JAX,26.9,10219,1370.0,160.0,49.0,19.0,53.84615384615385,both,189.0,160.0,181.0,138.0,-43.0,18.6,24.137931034482758,27.586206896551722,3.0,0.75,25.0,1323.5
150,160.0,Cade Otton,TE,2025.0,138.7877434832469,26.718685831622178,Med,0.7842767295597485,0.145,1.0,93.06503791552554,-15.282503739935663,cade otton|TE,Cade Otton,TE,TB,27.4,8111,923.0,205.0,30.0,-149.0,57.971014492753625,both,160.0,205.0,156.0,166.0,10.0,4.3,48.64864864864865,32.432432432432435,4.0,0.75,44.5945945945946,1316.3783783783783
151,172.0,Juwan Johnson,TE,2025.0,177.30711202432997,29.30321697467488,High,0.7637426900584795,0.344,1.0,88.83355902179905,-19.513982633662152,juwan johnson|TE,Juwan Johnson,TE,NO,29.9,7002,1136.0,195.0,27.0,-39.0,62.31884057971014,both,172.0,195.0,167.0,159.0,-8.0,3.5,43.24324324324324,40.54054054054054,6.0,0.75,42.56756756756757,1246.4054054054056
152,177.0,T.J. Hockenson,TE,2025.0,130.78096711222483,28.462696783025326,Med,0.7842767295597485,0.145,1.0,87.69604114499839,-20.65150051046281,tj hockenson|TE,T.J. Hockenson,TE,MIN,29.1,5844,1323.0,165.0,23.0,86.0,68.11594202898551,both,177.0,165.0,171.0,142.0,-29.0,12.6,40.54054054054054,48.64864864864865,7.0,0.75,42.567567567567565,1246.4054054054052
153,204.0,Dylan Sampson,RB,2025.0,102.10071435840213,21.300479123887747,Low,0.882062534284147,0.159,1.0,75.73979969658214,-34.8725477106282,dylan sampson|RB,Dylan Sampson,RB,CLE,21.9,12469,1238.0,177.0,54.0,-245.0,48.55769230769231,both,204.0,177.0,195.0,148.0,-47.0,20.3,17.24137931034483,22.413793103448278,1.0,0.45,20.086206896551726,1230.2879310344829
154,209.0,Tyler Allgeier,RB,2025.0,116.54135647625034,25.71663244353183,Med,0.751394357731904,0.159,1.0,73.64512338458735,-36.967224022622986,tyler allgeier|RB,Tyler Allgeier,RB,ARI,26.4,8132,1465.0,145.0,46.0,-6.0,56.730769230769226,both,209.0,145.0,200.0,127.0,-73.0,31.6,15.517241379310345,31.03448275862069,4.0,0.75,19.39655172413793,1224.7844827586207
155,203.0,Isiah Pacheco,RB,2025.0,120.02397992361777,26.819986310746064,Med,0.751394357731904,0.159,1.0,75.84587203929945,-34.766475367910886,isiah pacheco|RB,Isiah Pacheco,RB,DET,27.5,8205,1217.0,183.0,57.0,-53.0,46.15384615384615,both,203.0,183.0,194.0,151.0,-43.0,18.6,18.96551724137931,18.96551724137931,4.0,0.75,18.96551724137931,1222.6724137931035
156,147.0,Keon Coleman,WR,2025.0,139.15514766653942,22.6694045174538,Med,0.8383157894736843,0.172,1.0,96.59113278963297,-23.084629798693854,keon coleman|WR,Keon Coleman,WR,BUF,23.3,11637,1151.0,193.0,82.0,31.0,48.07692307692308,both,147.0,193.0,145.0,158.0,13.0,5.6,41.66666666666667,34.375,2.0,0.6,38.75,1178.625
157,141.0,Marquise Brown,WR,2025.0,144.69480649311691,28.580424366872005,Med,0.8383157894736843,0.172,1.0,100.43635109667999,-19.239411491646834,marquise brown|WR,Marquise Brown,WR,PHI,29.2,5848,149.0,326.0,131.0,-129.0,16.666666666666664,both,141.0,326.0,139.0,213.0,74.0,32.0,45.83333333333333,10.416666666666668,7.0,0.75,36.979166666666664,1171.78125
158,168.0,Rashid Shaheed,WR,2025.0,129.78560910339658,27.416837782340863,Med,0.8383157894736843,0.172,1.0,90.08749739628897,-29.588265192037852,rashid shaheed|WR,Rashid Shaheed,WR,SEA,28.0,8676,1370.0,161.0,66.0,-14.0,58.333333333333336,both,168.0,161.0,164.0,138.0,-26.0,11.3,33.33333333333333,43.75,4.0,0.75,35.9375,1165.84375
159,173.0,Chris Godwin Jr.,WR,2025.0,163.2900325116157,29.848049281314168,High,0.738135593220339,0.265,1.0,88.58968598597346,-31.08607660235336,chris godwin|WR,Chris Godwin,WR,TB,30.5,4037,1538.0,137.0,58.0,-41.0,63.46153846153846,both,173.0,137.0,168.0,121.0,-47.0,20.3,31.25,50.0,9.0,0.75,35.9375,1165.84375
160,182.0,Chig Okonkwo,TE,2025.0,127.1237865063297,26.31895961670089,Med,0.7842767295597485,0.145,1.0,85.24369453852273,-23.103847116938468,chig okonkwo|TE,Chig Okonkwo,TE,WAS,27.0,8210,1374.0,159.0,21.0,-116.0,71.01449275362319,both,182.0,159.0,175.0,137.0,-38.0,16.5,35.13513513513514,54.054054054054056,4.0,0.75,39.86486486486487,1163.0540540540542
161,163.0,Colby Parkinson,TE,2025.0,136.73102765475275,27.044490075290895,Med,0.7842767295597485,0.145,1.0,91.68589353464313,-16.66164812081807,colby parkinson|TE,Colby Parkinson,TE,LAR,27.6,6865,461.0,260.0,42.0,-77.0,40.57971014492754,both,163.0,260.0,159.0,192.0,33.0,14.3,45.94594594594595,13.513513513513514,6.0,0.75,37.837837837837846,1080.0000000000005
162,154.0,Theo Johnson,TE,2025.0,141.50712783541988,24.810403832991103,Med,0.7842767295597485,0.145,1.0,94.88853905107368,-13.459002604387521,theo johnson|TE,Theo Johnson,TE,NYG,25.5,11597,578.0,244.0,38.0,-77.0,46.3768115942029,both,154.0,244.0,151.0,187.0,36.0,15.6,51.35135135135135,16.216216216216218,2.0,0.6,37.29729729729729,1051.2
163,179.0,Dalton Schultz,TE,2025.0,173.06322593415388,29.516769336071185,High,0.7637426900584795,0.344,1.0,86.70730756369781,-21.64023409176339,dalton schultz|TE,Dalton Schultz,TE,HOU,30.1,5001,927.0,203.0,29.0,-130.0,59.42028985507246,both,179.0,203.0,172.0,164.0,-8.0,3.5,37.83783783783784,35.13513513513514,8.0,0.75,37.16216216216216,1043.9999999999998
164,217.0,Gunnar Helm,TE,2025.0,93.01587469891254,23.304585900068446,Low,0.8692640692640693,0.122,1.0,70.99100410180762,-37.35653755365358,gunnar helm|TE,Gunnar Helm,TE,TEN,24.0,12502,1334.0,164.0,22.0,97.0,69.56521739130434,both,217.0,164.0,207.0,141.0,-66.0,28.6,18.91891891891892,51.35135135135135,1.0,0.45,36.75675675675676,1022.4
165,165.0,Elic Ayomanor,WR,2025.0,131.4244236712361,22.584531143052704,Med,0.8383157894736843,0.172,1.0,91.22504033447115,-28.450722253855673,elic ayomanor|WR,Elic Ayomanor,WR,TEN,23.2,12499,735.0,229.0,94.0,-143.0,40.38461538461539,both,165.0,229.0,161.0,179.0,18.0,7.8,35.41666666666667,28.125,1.0,0.45,31.406250000000004,1004.5234375
166,210.0,Pat Bryant,WR,2025.0,97.020479241105,23.121149897330596,Low,0.8844155844155845,0.149,1.0,73.02126669490497,-46.65449589342185,pat bryant|WR,Pat Bryant,WR,DEN,23.7,12492,1368.0,162.0,67.0,533.0,57.692307692307686,both,210.0,162.0,201.0,140.0,-61.0,26.4,15.625,42.70833333333333,1.0,0.45,30.520833333333332,996.6249999999998
167,187.0,Hunter Henry,TE,2025.0,167.48776815728107,31.148528405201915,High,0.7637426900584795,0.344,1.0,83.9139184444423,-24.433623211018897,hunter henry|TE,Hunter Henry,TE,NE,31.7,3214,1213.0,184.0,25.0,97.0,65.21739130434783,both,187.0,184.0,179.0,152.0,-27.0,11.7,29.72972972972973,43.24324324324324,10.0,0.75,33.10810810810811,926.6756756756757
168,184.0,Mason Taylor,TE,2025.0,126.42196440026869,21.57700205338809,Med,0.7842767295597485,0.145,1.0,84.77308309062923,-23.57445856483197,mason taylor|TE,Mason Taylor,TE,NYJ,22.3,12498,792.0,219.0,32.0,27.0,55.072463768115945,both,184.0,219.0,177.0,173.0,-4.0,1.7,32.432432432432435,29.72972972972973,1.0,0.45,30.94594594594595,923.5621621621622
169,176.0,Ryan Flournoy,WR,2025.0,126.62059811272982,26.184804928131417,Med,0.8383157894736843,0.172,1.0,87.89058264317666,-31.785179945150162,ryan flournoy|WR,Ryan Flournoy,WR,DAL,26.8,11783,695.0,233.0,95.0,40.0,39.743589743589745,both,176.0,233.0,170.0,182.0,12.0,5.2,30.208333333333332,27.083333333333332,2.0,0.6,28.958333333333336,910.8020833333334
170,196.0,Malik Washington,WR,2025.0,113.90081349761296,25.201916495550993,Med,0.8383157894736843,0.172,1.0,79.06145612204753,-40.61430646627929,malik washington|WR,Malik Washington,WR,MIA,25.6,11610,1155.0,191.0,81.0,57.0,48.717948717948715,both,196.0,191.0,188.0,157.0,-31.0,13.4,23.958333333333336,35.41666666666667,2.0,0.6,28.54166666666667,899.3229166666667
171,53.0,Michael Penix Jr.,QB,2025.0,233.62774061596858,25.519507186858316,Low,0.8363636363636363,0.164,1.0,163.3525162386852,-29.21893502899536,michael penix|QB,Michael Penix,QB,ATL,26.3,11559,715.0,231.0,36.0,-226.0,50.0,both,53.0,231.0,53.0,180.0,127.0,55.0,45.0,25.0,2.0,0.6,37.0,883.48
172,194.0,Devin Neal,RB,2025.0,108.32257721628412,22.33538672142368,Low,0.882062534284147,0.159,1.0,80.35526834983163,-30.257079057378704,devin neal|RB,Devin Neal,RB,NO,23.0,12476,334.0,276.0,79.0,-108.0,25.0,both,194.0,276.0,186.0,199.0,13.0,5.6,20.689655172413794,8.620689655172415,1.0,0.45,14.051724137931036,842.5500000000001
173,85.0,J.J. McCarthy,QB,2025.0,201.08231131766087,22.951403148528406,Low,0.8363636363636363,0.164,1.0,140.59675207330847,-51.97469919437211,jj mccarthy|QB,J.J. McCarthy,QB,MIN,23.6,11565,821.0,215.0,32.0,-17.0,55.714285714285715,both,85.0,215.0,85.0,172.0,87.0,37.7,30.0,35.0,1.0,0.45,32.75,809.1700000000001
174,224.0,Travis Kelce,TE,2025.0,194.86061801220248,36.24366872005476,High,0.7637426900584795,0.344,0.71,69.31597401616645,-39.03156763929475,travis kelce|TE,Travis Kelce,TE,KC,36.9,1466,1405.0,155.0,20.0,-82.0,72.46376811594203,both,224.0,155.0,213.0,135.0,-78.0,33.8,16.216216216216218,56.75675675675676,11.0,0.75,26.351351351351354,785.8378378378378
175,199.0,Pat Freiermuth,TE,2025.0,115.37781257538798,27.208761122518823,Med,0.7842767295597485,0.145,1.0,77.36735415137738,-30.980187504083815,pat freiermuth|TE,Pat Freiermuth,TE,PIT,27.8,7600,780.0,223.0,33.0,16.0,53.62318840579711,both,199.0,223.0,191.0,175.0,-16.0,6.9,24.324324324324326,27.027027027027028,5.0,0.75,25.000000000000004,780.0
176,235.0,Isaiah Likely,TE,2025.0,97.29147801041552,25.70841889117043,Med,0.7842767295597485,0.145,1.0,65.23944307077664,-43.108098584684555,isaiah likely|TE,Isaiah Likely,TE,NYG,26.3,8131,1862.0,104.0,11.0,-8.0,85.5072463768116,both,235.0,104.0,223.0,95.0,-128.0,55.4,8.108108108108109,75.67567567567568,4.0,0.75,25.0,780.0
177,83.0,Mac Jones,QB,2025.0,200.7899970712571,27.364818617385353,Med,0.8236205057440866,0.147,1.0,141.06466937256363,-51.506781895116944,mac jones|QB,Mac Jones,QB,SF,28.0,7527,456.0,261.0,41.0,-179.0,42.857142857142854,both,83.0,261.0,83.0,193.0,110.0,47.6,35.0,20.0,5.0,0.75,31.25,778.75
178,82.0,Marcus Mariota,QB,2025.0,202.03651979451612,32.1368925393566,Med,0.8236205057440866,0.147,1.0,141.94041178198015,-50.63103948570043,marcus mariota|QB,Marcus Mariota,QB,WAS,32.8,2307,144.0,327.0,49.0,-8.0,31.428571428571427,both,82.0,327.0,82.0,214.0,132.0,57.1,37.5,12.5,11.0,0.75,31.25,778.75
179,105.0,Shedeur Sanders,QB,2025.0,182.23340930642283,23.901437371663246,Low,0.8363636363636363,0.164,1.0,127.41759978705082,-65.15385148062975,shedeur sanders|QB,Shedeur Sanders,QB,CLE,24.5,12524,904.0,208.0,30.0,68.0,58.57142857142858,both,105.0,208.0,105.0,167.0,62.0,26.8,17.5,40.0,1.0,0.45,29.875,762.37375
180,233.0,Mark Andrews,TE,2025.0,132.88842328507275,30.324435318275153,High,0.7637426900584795,0.344,1.0,66.57912059155561,-41.76842106390559,mark andrews|TE,Mark Andrews,TE,BAL,31.0,5012,1486.0,139.0,16.0,2.0,78.26086956521739,both,233.0,139.0,221.0,123.0,-98.0,42.4,10.81081081081081,64.86486486486487,8.0,0.75,24.324324324324326,760.7837837837839
181,88.0,Tua Tagovailoa,QB,2025.0,197.63826021564478,27.78097193702943,Med,0.8236205057440866,0.147,1.0,138.85042202971172,-53.72102923796885,tua tagovailoa|QB,Tua Tagovailoa,QB,ATL,28.5,6768,868.0,212.0,31.0,-3.0,57.14285714285714,both,88.0,212.0,88.0,170.0,82.0,35.5,25.0,37.5,6.0,0.75,28.125,749.59375
182,181.0,Chimere Dike,WR,2025.0,124.25242451064985,24.05201916495551,Med,0.8383157894736843,0.172,1.0,86.24677301986645,-33.428989568460366,chimere dike|WR,Chimere Dike,WR,TEN,24.7,12540,572.0,247.0,98.0,-112.0,37.82051282051282,both,181.0,247.0,174.0,188.0,14.0,6.1,29.166666666666668,26.041666666666668,1.0,0.45,27.447916666666668,747.1588541666665
183,167.0,Darius Slayton,WR,2025.0,130.37511774392806,28.971937029431896,Med,0.8383157894736843,0.172,1.0,90.49669036063881,-29.17907222768801,darius slayton|WR,Darius Slayton,WR,NYG,29.6,6149,78.0,354.0,141.0,-53.0,10.256410256410255,both,167.0,354.0,163.0,221.0,58.0,25.1,34.375,6.25,7.0,0.75,27.34375,734.0625
184,99.0,Jacoby Brissett,QB,2025.0,265.7146235242397,33.059548254620125,Med,0.8236205057440866,0.147,0.71,132.5409218773782,-60.03052939030238,jacoby brissett|QB,Jacoby Brissett,QB,ARI,33.7,3257,769.0,225.0,33.0,-20.0,54.285714285714285,both,99.0,225.0,99.0,176.0,77.0,33.3,22.5,32.5,10.0,0.75,25.0,731.5
185,200.0,Adonai Mitchell,WR,2025.0,109.69787363146139,23.236139630390145,Med,0.8383157894736843,0.172,1.0,76.14408849658882,-43.531674091738,adonai mitchell|WR,Adonai Mitchell,WR,NYJ,23.9,11625,1165.0,190.0,80.0,-48.0,49.358974358974365,both,200.0,190.0,192.0,156.0,-36.0,15.6,20.833333333333336,36.45833333333333,2.0,0.6,27.083333333333336,724.1666666666669
186,188.0,Darren Waller,TE,2025.0,172.41076775977425,33.28405201916495,Med,0.7842767295597485,0.145,0.71,82.08393700692325,-26.26360464853795,darren waller|TE,Darren Waller,TE,,33.9,2505,395.0,269.0,44.0,395.0,37.68115942028986,both,188.0,269.0,180.0,195.0,15.0,6.5,27.027027027027028,10.81081081081081,9.0,0.75,22.972972972972972,722.3513513513514
187,84.0,Spencer Rattler,QB,2025.0,200.41433108581353,25.204654346338124,Med,0.8236205057440866,0.147,1.0,140.80074587635326,-51.77070539132731,spencer rattler|QB,Spencer Rattler,QB,NO,25.9,11562,79.0,352.0,58.0,-37.0,18.571428571428573,both,84.0,352.0,84.0,220.0,136.0,58.9,32.5,10.0,2.0,0.6,23.5,718.63
188,213.0,Michael Mayer,TE,2025.0,107.36684114462516,24.49281314168378,Med,0.7842767295597485,0.145,1.0,71.99554435583785,-36.35199729962335,michael mayer|TE,Michael Mayer,TE,LV,25.1,9482,622.0,238.0,35.0,57.0,50.72463768115942,both,213.0,238.0,204.0,185.0,-19.0,8.2,21.62162162162162,21.62162162162162,3.0,0.75,21.62162162162162,683.9189189189188
189,198.0,Dontayvion Wicks,WR,2025.0,112.7154997129574,24.528405201916495,Med,0.8383157894736843,0.172,1.0,78.23869962980906,-41.43706295851776,dontayvion wicks|WR,Dontayvion Wicks,WR,PHI,25.2,9486,1171.0,189.0,79.0,407.0,50.0,both,198.0,189.0,190.0,155.0,-35.0,15.2,21.875,37.5,3.0,0.75,25.78125,632.5390625
190,164.0,Dont'e Thornton,WR,2025.0,96.51866666666662,22.0,Rookie,1.1953232462173315,0.207,1.0,91.48920772673083,-28.186554861595994,donte thornton|WR,Dont'e Thornton,WR,LV,23.7,12541,338.0,275.0,110.0,-80.0,30.128205128205128,both,164.0,275.0,160.0,198.0,38.0,16.5,36.45833333333333,20.833333333333336,0.0,0.3,25.520833333333332,602.1093749999997
191,249.0,Aaron Jones,RB,2025.0,173.31907668572026,31.066392881587955,High,0.5434400984927044,0.355,1.0,60.7516057875653,-49.86074161964503,aaron jones|RB,Aaron Jones,RB,MIN,31.7,4199,1308.0,168.0,50.0,-19.0,52.88461538461539,both,249.0,168.0,230.0,145.0,-85.0,36.8,3.4482758620689653,25.862068965517242,9.0,0.75,9.051724137931036,572.021551724138
192,159.0,Savion Williams,WR,2025.0,98.6249333333335,23.0,Rookie,1.1953232462173315,0.207,1.0,93.48571964768472,-26.1900429406421,savion williams|WR,Savion Williams,WR,GB,24.7,12482,209.0,312.0,127.0,113.0,19.230769230769234,both,159.0,312.0,155.0,208.0,53.0,22.9,39.58333333333333,13.541666666666666,1.0,0.45,25.260416666666668,571.9218750000001
193,195.0,Cooper Kupp,WR,2025.0,146.4452695893774,32.62696783025325,High,0.738135593220339,0.265,1.0,79.45090246786064,-40.224860120466175,cooper kupp|WR,Cooper Kupp,WR,SEA,33.2,4039,542.0,252.0,100.0,-38.0,36.53846153846153,both,195.0,252.0,187.0,190.0,3.0,1.3,25.0,25.0,9.0,0.75,25.0,564.5
194,186.0,Marvin Mims Jr.,WR,2025.0,121.2223829153541,23.849418206707735,Med,0.8383157894736843,0.172,1.0,84.14354396224893,-35.53221862607789,marvin mims|WR,Marvin Mims,WR,DEN,24.4,9494,316.0,284.0,113.0,-139.0,28.205128205128204,both,186.0,284.0,178.0,202.0,24.0,10.4,27.083333333333332,17.708333333333336,3.0,0.75,24.739583333333336,557.0781250000001
195,170.0,Devaughn Vele,WR,2025.0,129.37970817566907,28.0,Med,0.8383157894736843,0.172,1.0,89.80575122256124,-29.870011365765578,devaughn vele|WR,Devaughn Vele,WR,NO,28.7,11834,179.0,319.0,128.0,-19.0,18.58974358974359,both,170.0,319.0,166.0,209.0,43.0,18.6,32.29166666666667,12.5,2.0,0.6,24.375000000000004,546.6875000000001
196,222.0,Isaac Guerendo,RB,2025.0,73.81208888888882,25.0,Rookie,1.1953232462173315,0.207,1.0,69.96583942069381,-40.646507986516525,isaac guerendo|RB,Isaac Guerendo,RB,SF,26.2,11651,91.0,347.0,95.0,-20.0,9.615384615384617,both,222.0,347.0,211.0,219.0,8.0,3.5,12.068965517241379,3.4482758620689653,2.0,0.6,8.620689655172413,535.0344827586207
197,227.0,Darnell Washington,TE,2025.0,102.13929793690693,24.358658453114305,Med,0.7842767295597485,0.145,1.0,68.49018073639064,-39.85736091907056,darnell washington|TE,Darnell Washington,TE,PIT,25.0,9479,228.0,305.0,50.0,-55.0,28.985507246376812,both,227.0,305.0,216.0,206.0,-10.0,4.3,13.513513513513514,8.108108108108109,3.0,0.75,12.162162162162161,505.2702702702702
198,230.0,Devin Singletary,RB,2025.0,107.34356578749043,28.331279945242983,Med,0.751394357731904,0.159,1.0,67.83283107376829,-42.77951633344205,devin singletary|RB,Devin Singletary,RB,NYG,29.0,6130,67.0,359.0,98.0,-86.0,6.730769230769231,both,230.0,359.0,219.0,223.0,4.0,1.7,10.344827586206897,1.7241379310344827,7.0,0.75,8.189655172413794,480.9827586206899
199,151.0,Aaron Rodgers,QB,2025.0,225.63034063218535,42.105407255304584,High,0.7911889792899409,0.25,0.71,95.05989721511284,-97.51155405256773,aaron rodgers|QB,Aaron Rodgers,QB,PIT,42.7,96,737.0,228.0,35.0,32.0,51.42857142857142,both,151.0,228.0,148.0,178.0,30.0,13.0,15.0,27.500000000000004,11.0,0.75,18.125,469.06249999999994
200,244.0,DJ Giddens,RB,2025.0,101.13164444444475,22.0,Rookie,1.152967032967033,0.464,1.0,62.49837829032498,-48.11396911688536,dj giddens|RB,DJ Giddens,RB,IND,23.0,12471,554.0,250.0,74.0,-115.0,29.807692307692307,both,244.0,250.0,227.0,189.0,-38.0,16.5,5.172413793103448,10.344827586206897,1.0,0.45,8.017241379310345,459.36206896551744
201,240.0,David Njoku,TE,2025.0,128.05409393951544,29.404517453798768,High,0.7637426900584795,0.344,1.0,64.1570480850086,-44.1904935704526,david njoku|TE,David Njoku,TE,LAC,30.1,4033,701.0,232.0,34.0,-160.0,52.17391304347826,both,240.0,232.0,224.0,181.0,-43.0,18.6,5.405405405405405,24.324324324324326,9.0,0.75,10.135135135135137,437.81081081081084
202,246.0,Isaac TeSlaa,WR,2025.0,81.0294198574087,23.865845311430526,Low,0.8844155844155845,0.149,1.0,60.98579314205704,-58.68996944626978,isaac teslaa|WR,Isaac TeSlaa,WR,DET,24.5,12535,1177.0,188.0,78.0,13.0,50.641025641025635,both,246.0,188.0,228.0,154.0,-74.0,32.0,1.0416666666666665,38.54166666666667,1.0,0.45,21.66666666666667,410.5833333333334
203,103.0,Davis Mills,QB,2025.0,183.76902333811745,27.200547570157426,Low,0.8363636363636363,0.164,1.0,128.4913011180117,-64.08015014966887,davis mills|QB,Davis Mills,QB,HOU,27.8,7585,49.0,369.0,61.0,4.0,14.285714285714285,both,103.0,369.0,103.0,228.0,125.0,54.1,20.0,5.0,5.0,0.75,16.25,389.75000000000006
204,242.0,Will Shipley,RB,2025.0,66.5024888888889,23.0,Rookie,1.1953232462173315,0.207,1.0,63.03713292385758,-47.57521448335276,will shipley|RB,Will Shipley,RB,PHI,24.0,11577,116.0,338.0,93.0,32.0,11.057692307692307,both,242.0,338.0,225.0,217.0,-8.0,3.5,8.620689655172415,5.172413793103448,2.0,0.6,7.241379310344827,362.06896551724134
205,206.0,Darnell Mooney,WR,2025.0,107.89180531086849,28.177960301163587,Med,0.8383157894736843,0.172,1.0,74.89045046805123,-44.78531212027559,darnell mooney|WR,Darnell Mooney,WR,NYG,28.8,7090,426.0,264.0,104.0,-115.0,33.97435897435898,both,206.0,264.0,197.0,194.0,-3.0,1.3,18.75,22.916666666666664,6.0,0.75,19.791666666666664,336.02083333333326
206,208.0,Calvin Ridley,WR,2025.0,136.34275722411058,30.902121834360027,High,0.738135593220339,0.265,1.0,73.96998985891291,-45.70577272941391,calvin ridley|WR,Calvin Ridley,WR,TEN,31.7,4981,537.0,253.0,101.0,-100.0,35.8974358974359,both,208.0,253.0,199.0,191.0,-8.0,3.5,16.666666666666664,23.958333333333336,7.0,0.75,18.489583333333332,326.6953125
207,234.0,Tory Horton,WR,2025.0,105.79931111111112,22.0,Rookie,1.152967032967033,0.464,1.0,65.38295115244934,-54.29281143587748,tory horton|WR,Tory Horton,WR,SEA,23.7,12497,997.0,199.0,85.0,-61.0,46.15384615384615,both,234.0,199.0,222.0,162.0,-60.0,26.0,2.083333333333333,31.25,1.0,0.45,18.125,325.65625
208,243.0,Kendre Miller,RB,2025.0,84.58411110299102,23.351129363449694,Low,0.882062534284147,0.159,1.0,62.745727811127615,-47.86661959608272,kendre miller|RB,Kendre Miller,RB,NO,24.2,9757,156.0,324.0,92.0,10.0,12.5,both,243.0,324.0,226.0,211.0,-15.0,6.5,6.896551724137931,6.896551724137931,3.0,0.75,6.896551724137931,321.7241379310345
209,207.0,Tyquan Thornton,WR,2025.0,107.14550566560645,25.347022587268995,Med,0.8383157894736843,0.172,1.0,74.37242487327336,-45.30333771505346,tyquan thornton|WR,Tyquan Thornton,WR,KC,26.0,8188,313.0,285.0,114.0,44.0,27.564102564102566,both,207.0,285.0,198.0,203.0,5.0,2.2,17.708333333333336,16.666666666666664,4.0,0.75,17.447916666666668,321.1796875
210,211.0,Tez Johnson,WR,2025.0,96.82764153037535,23.627652292950035,Low,0.8844155844155845,0.149,1.0,72.87612977109086,-46.79963281723596,tez johnson|WR,Tez Johnson,WR,TB,24.3,12485,328.0,277.0,111.0,-52.0,29.48717948717949,both,211.0,277.0,202.0,200.0,-2.0,0.9,14.583333333333334,19.791666666666664,1.0,0.45,17.447916666666664,321.17968749999994
211,223.0,Jalen Nailor,WR,2025.0,100.07129997621786,26.83915126625599,Med,0.8383157894736843,0.172,1.0,69.46203849818696,-50.21372409013986,jalen nailor|WR,Jalen Nailor,WR,LV,27.5,8180,1222.0,181.0,74.0,65.0,53.205128205128204,both,223.0,181.0,212.0,150.0,-62.0,26.8,8.333333333333332,40.625,4.0,0.75,16.40625,314.7578125
212,201.0,Luke McCaffrey,WR,2025.0,80.2864666666668,24.0,Rookie,1.1953232462173315,0.207,1.0,76.10284601091256,-43.57291657741426,luke mccaffrey|WR,Luke McCaffrey,WR,WAS,25.4,11650,136.0,329.0,132.0,-34.0,16.025641025641026,both,201.0,329.0,193.0,215.0,22.0,9.5,19.791666666666664,9.375,2.0,0.6,15.624999999999998,311.59375
213,221.0,Jalen Royals,WR,2025.0,74.01424444444446,22.0,Rookie,1.1953232462173315,0.207,1.0,70.15746091997556,-49.518301668351256,jalen royals|WR,Jalen Royals,WR,KC,23.5,12505,325.0,280.0,112.0,-40.0,28.846153846153843,both,221.0,280.0,210.0,201.0,-9.0,3.9,9.375,18.75,1.0,0.45,14.53125,291.8906250000001
214,183.0,Arian Smith,WR,2025.0,89.5753111111111,23.0,Rookie,1.1953232462173315,0.207,1.0,84.90766116500076,-34.76810142332606,arian smith|WR,Arian Smith,WR,NYJ,24.9,12539,51.0,367.0,146.0,51.0,7.051282051282051,both,183.0,367.0,176.0,227.0,51.0,22.1,28.125,2.083333333333333,1.0,0.45,13.802083333333334,248.9427083333334
215,212.0,Keenan Allen,WR,2025.0,187.5805252594878,33.70294318959617,High,0.738135593220339,0.265,0.71,72.25527913551193,-47.42048345281489,keenan allen|WR,Keenan Allen,WR,,34.3,1479,242.0,300.0,121.0,137.0,23.076923076923077,both,212.0,300.0,203.0,205.0,2.0,0.9,13.541666666666666,14.583333333333334,11.0,0.75,13.802083333333334,248.9427083333334
216,197.0,Tai Felton,WR,2025.0,82.57233333333339,22.0,Rookie,1.1953232462173315,0.207,1.0,78.26959921549754,-41.40616337282928,tai felton|WR,Tai Felton,WR,MIN,23.4,12496,69.0,358.0,142.0,17.0,9.615384615384617,both,197.0,358.0,189.0,222.0,33.0,14.3,22.916666666666664,5.208333333333334,1.0,0.45,13.177083333333334,226.10156250000003
217,225.0,Xavier Legette,WR,2025.0,98.79523375513352,24.944558521560573,Med,0.8383157894736843,0.172,1.0,68.57628842802438,-51.099474160302435,xavier legette|WR,Xavier Legette,WR,CAR,25.6,11626,389.0,270.0,108.0,-112.0,31.41025641025641,both,225.0,270.0,214.0,196.0,-18.0,7.8,7.291666666666667,21.875,2.0,0.6,13.125,224.46875
218,250.0,Jaylen Wright,RB,2025.0,95.12731603147918,22.757015742642025,Med,0.751394357731904,0.159,1.0,60.11310609560808,-50.499241311602255,jaylen wright|RB,Jaylen Wright,RB,MIA,23.4,11643,667.0,235.0,70.0,-101.0,33.65384615384615,both,250.0,235.0,231.0,183.0,-48.0,20.8,1.7241379310344827,12.068965517241379,2.0,0.6,5.862068965517241,216.76551724137929
219,248.0,Noah Fant,TE,2025.0,90.73520242720205,28.11772758384668,Med,0.7842767295597485,0.145,1.0,60.84308918229335,-47.50445247316785,noah fant|TE,Noah Fant,TE,NO,28.8,5857,43.0,376.0,65.0,-78.0,7.246376811594203,both,248.0,376.0,229.0,229.0,0.0,0.0,2.7027027027027026,2.7027027027027026,7.0,0.75,2.7027027027027026,212.2972972972973
220,156.0,Joe Flacco,QB,2025.0,223.569664301103,40.96098562628337,High,0.7911889792899409,0.25,0.71,94.1917175204962,-98.37973374718437,joe flacco|QB,Joe Flacco,QB,CIN,41.6,19,155.0,325.0,48.0,-29.0,32.857142857142854,both,156.0,325.0,153.0,212.0,59.0,25.5,12.5,15.0,11.0,0.75,13.125,178.86875000000006
221,190.0,Geno Smith,QB,2025.0,193.39083236339187,35.21149897330596,High,0.7911889792899409,0.25,0.71,81.47713022681481,-111.09432104086576,geno smith|QB,Geno Smith,QB,NYJ,35.9,1373,750.0,227.0,34.0,9.0,52.85714285714286,both,190.0,227.0,182.0,177.0,-5.0,2.2,7.5,30.0,10.0,0.75,13.125,178.86875000000006
222,220.0,DeMario Douglas,WR,2025.0,101.18709921143702,25.144421629021217,Med,0.8383157894736843,0.172,1.0,70.23654317086994,-49.43921941745688,demario douglas|WR,DeMario Douglas,WR,NE,25.7,9501,168.0,321.0,130.0,-78.0,17.307692307692307,both,220.0,321.0,209.0,210.0,1.0,0.4,10.416666666666668,11.458333333333332,3.0,0.75,10.677083333333334,169.57552083333334
223,214.0,Calvin Austin III,WR,2025.0,103.40756007094754,26.798083504449007,Med,0.8383157894736843,0.172,1.0,71.77782161677493,-47.89794097155189,calvin austin|WR,Calvin Austin,WR,NYG,27.4,8125,20.0,389.0,152.0,-67.0,3.205128205128205,both,214.0,389.0,205.0,230.0,25.0,10.8,12.5,1.0416666666666665,3.0,0.75,9.635416666666666,151.91927083333331
224,215.0,Olamide Zaccheaus,WR,2025.0,103.31600076005861,28.484599589322382,Med,0.8383157894736843,0.172,1.0,71.71426796673396,-47.96149462159286,olamide zaccheaus|WR,Olamide Zaccheaus,WR,ATL,29.1,6271,57.0,364.0,144.0,-6.0,8.333333333333332,both,215.0,364.0,206.0,224.0,18.0,7.8,11.458333333333332,4.166666666666666,7.0,0.75,9.635416666666666,151.91927083333331
225,229.0,Christian Kirk,WR,2025.0,125.28570373885347,29.16084873374401,High,0.738135593220339,0.265,1.0,67.97121037971009,-51.70455220861673,christian kirk|WR,Christian Kirk,WR,SF,29.8,4950,304.0,287.0,115.0,-28.0,26.923076923076923,both,229.0,287.0,218.0,204.0,-14.0,6.1,4.166666666666666,15.625,8.0,0.75,7.03125,123.234375
226,228.0,Andrei Iosivas,WR,2025.0,98.53808999850054,26.217659137577,Med,0.8383157894736843,0.172,1.0,68.39779839614657,-51.27796419218025,andrei iosivas|WR,Andrei Iosivas,WR,CIN,26.9,10226,129.0,335.0,135.0,-73.0,14.102564102564102,both,228.0,335.0,217.0,216.0,-1.0,0.4,5.208333333333334,8.333333333333332,3.0,0.75,5.989583333333334,100.77343750000004
227,169.0,Tyrod Taylor,QB,2025.0,180.182812625098,36.33949349760438,Med,0.8236205057440866,0.147,0.71,89.87686027604272,-102.69459099163785,tyrod taylor|QB,Tyrod Taylor,QB,GB,37.1,827,20.0,388.0,65.0,-29.0,8.571428571428571,both,169.0,388.0,165.0,230.0,65.0,28.1,10.0,2.5,11.0,0.75,8.125,89.96875000000001
228,226.0,Xavier Hutchinson,WR,2025.0,98.78949234362149,25.626283367556468,Med,0.8383157894736843,0.172,1.0,68.57230316803897,-51.10345942028785,xavier hutchinson|WR,Xavier Hutchinson,WR,HOU,26.2,10218,52.0,366.0,145.0,8.0,7.6923076923076925,both,226.0,366.0,215.0,226.0,11.0,4.8,6.25,3.125,3.0,0.75,5.46875,84.4453125
229,205.0,Kirk Cousins,QB,2025.0,178.811549624316,37.37166324435318,High,0.7911889792899409,0.25,0.71,75.33475985781435,-117.23669140986622,kirk cousins|QB,Kirk Cousins,QB,LV,38.0,1166,646.0,237.0,37.0,71.0,48.57142857142857,both,205.0,237.0,196.0,184.0,-12.0,5.2,2.5,22.5,11.0,0.75,7.5,77.125
230,231.0,John Metchie III,WR,2025.0,97.31008201243205,25.45927446954141,Med,0.8383157894736843,0.172,1.0,67.5454067711288,-52.13035581719802,john metchie|WR,John Metchie,WR,CAR,26.1,8147,111.0,341.0,138.0,-48.0,11.858974358974358,both,231.0,341.0,220.0,218.0,-2.0,0.9,3.125,7.291666666666667,3.0,0.75,4.166666666666667,68.5
231,191.0,Dillon Gabriel,QB,2025.0,115.35962999612647,24.974674880219027,Low,0.8363636363636363,0.164,1.0,80.65945329329162,-111.91199797438895,dillon gabriel|QB,Dillon Gabriel,QB,CLE,25.7,12486,54.0,365.0,60.0,-21.0,15.714285714285714,both,191.0,365.0,183.0,225.0,42.0,18.2,5.0,7.5,1.0,0.45,6.375,66.15625
